Fuß,51
Radweg,297
verlängern,10
entlasten,32
Bereich,137
bieten,70
Radfahrer,294
attraktiv,76
Alternative,47
Richtung,214
eng,39
Abschnitt,35
reichen,44
Bus,115
Rad,70
streifen,5
fehlend,18
Breite,22
Steigung,16
völlig,27
ungeeignet,7
getan,14
bestehend,45
breit,99
Fußgänger,248
getrennt,35
Fahrrad,123
weiterhin,32
baulich,52
Auto,284
bleiben,138
Streifen,12
Privatgarten,2
enteignet,4
Fußweg,110
gebaut,64
Radverkehr,87
geleitet,9
hierzu,16
anpassen,18
Maßnahme,40
Fahrbahn,62
eingeführt,10
neugebaut,1
Quartier,69
alt,109
verbinden,20
schön,161
klingend,1
Boulevard,8
genannt,17
folgend,8
wünschenswert,26
Haltestelle,24
Hamburger,133
Straße,486
gelungen,13
hören,10
Durchgang,8
öffnen,17
führen,125
neu,98
Viadukt,3
Element,18
hervorheben,5
Charakter,36
erhalten,185
Planer,15
Politiker,7
leben,54
füllen,5
Denkmalschutz,5
gehören,32
Stadtteil,250
Neubau,32
heutzutage,2
identitätsstiftend,1
Süden,21
Deutschland,14
genauso,9
aussehen,17
Norden,18
eher,31
Fall,30
Modernisierung,10
aussprechen,2
bitten,84
notwendig,49
sinnvoll,57
Alte,7
setzen,29
zerstören,9
letzt,46
leider,63
Tendenz,2
beeinflussen,1
stark,91
Reduzierung,16
geparkt,9
genutzt,111
Fläche,133
stattdessen,18
Lebensraum,14
Baum,125
Grünfläche,97
Sitzgelegenheit,21
Müll,20
etc.,125
wünschen,88
Sicht,30
Einrichtung,29
Strecke,75
Sicherheit,39
Durchschnittsgeschwindigkeit,3
erreichen,54
geehrt,10
Dame,10
Herr,18
Anwohner,157
Hauptverkehrszeit,14
regen,2
Verkehr,182
zunehmen,8
vorgesehen,26
Unterbrechung,3
Höhe,83
Lösung,51
Verlagerung,9
Straßennetz,6
Wohnquartier,11
unterbinden,8
lediglich,12
Erschließung,17
Teilgebiet,2
Deckel,24
Anbindung,57
jeweils,30
nächstgelegen,2
Hauptverkehrsstraße,20
erfolgen,11
zusätzlich,84
Schadstoffemission,2
geplant,95
Überschreitung,1
Gesundheitsschutz,1
Bevölkerung,14
Belastung,24
gefährlich,57
genommen,11
jährlich,2
sterben,6
folgen,10
Opfer,3
direkt,95
Verkehrsunfall,5
verzeichnen,1
Kreuzfahrtschiff,15
heißen,14
Hamburg,271
ähnlich,40
Entwicklung,21
aufwachsen,1
ziehen,11
Kleinkind,1
errichten,6
teilweise,47
Bau,57
befindlich,3
Einfamilienhaus,13
entstanden,12
Neubaugebiet,24
einrahmen,1
Bauernhof,6
wild,13
Wiese,42
Huhn,4
Schaf,3
entlang,111
jung,33
Familie,44
Single,4
Paar,3
hierher,3
gebildet,2
größtenteils,6
friedfertig,1
Geschäft,33
frischen,8
kaufen,9
Reisebüro,1
Reinigung,4
Bäcker,3
Apotheke,6
Friseur,3
Arztpraxis,2
entstehen,92
Seite,83
rechnen,10
Kind,187
anfangs,2
eklatant,1
Mangel,7
Schule,85
Aufruhr,1
beseitigen,11
Grundschule,18
jenseits,3
Bahngleis,4
Container,14
Asylsuchende,2
aufgestellt,12
Wohnung,121
Schuld,2
lassen,109
Behörde,12
Versprechen,5
gebrochen,3
glauben,11
Verlängerung,31
Block,7
ausgewiesen,9
Kürze,1
schlucken,1
engagiert,3
Kirchengemeinde,5
zahlreich,17
Einzelperson,2
helfend,1
aktiv,16
Geld,22
einfach,66
Frau,21
allmählich,2
genügend,18
Problem,53
lesen,7
Beschreibung,4
Ruhe,11
unterwegs,25
denken,36
beschreiben,2
Scherbe,2
treten,7
überall,23
Rabatte,2
irritieren,1
liegen,71
ewig,6
kämpfen,4
Hausmeister,1
mühsam,3
Kampf,2
äußerst,4
gewinnbringend,1
Hundert,3
Gärtnerei,2
verschwunden,1
Haus,98
sagen,7
Wohnungsbau,27
finden,106
Idylle,2
rein,18
übrigbleiben,1
extrem,31
Enge,2
ungeschickt,1
Auswahl,3
draußen,14
eigentlich,59
Volk,2
gänzlich,5
Verständnis,7
miteinander,14
Fußball,12
regelrecht,1
abschießen,1
ansprechen,6
erfahren,12
schaden,15
teuer,23
Fußballplatz,14
Gleis,14
türkisch,3
schicken,6
gerne,51
ganztägig,4
spielen,22
Schlange,2
betrunken,2
reichlich,3
schief,2
laufen,35
freund,4
Sohn,3
Zahn,2
ausschlagen,1
Haustür,9
angreifen,1
Angst,11
Bande,1
gemeinsam,25
Spielplatz,57
gegenseitig,5
besuchen,6
Puppe,1
schleichen,1
gespielt,3
scheinen,17
überwiegend,10
Anteil,10
geben,105
abzüglich,1
Schulzeit,1
sitzen,19
Treppenhaus,1
weder,14
Freund,9
Gebüsch,2
verrichten,1
sehen,66
manchmal,8
nämlich,8
zuhause,10
nachts,9
Sommer,27
Schlaf,3
früh,7
warten,21
krachen,1
lautstark,1
feiern,1
dreißig,2
Grad,4
Fenster,7
Lärm,60
aufstehen,1
Studium,1
beendet,2
örtlich,3
gebunden,3
schnell,95
ruhig,20
Ort,69
trotz,19
nix,3
Plastiktüte,2
Betonplatte,1
Mitte,39
trocken,3
Bushaltestelle,22
gelangen,23
Baumbestand,17
Supermarkt,10
langfristig,15
weltlich,1
Name,7
bekommen,59
privat,24
tragen,17
Projekt,78
beeindruckend,2
dicht,33
somit,32
verfügt,6
prototypisch,1
Erachten,1
Widerspruch,1
Zielsetzung,4
Stadt,225
obwohl,20
Grund,24
ansprechend,2
wenden,4
einzig,21
mittlerweile,9
bedauern,1
Kommentar,4
Eintrag,1
nebenan,3
östlich,30
westlich,35
Schild,12
versehen,7
gewerblich,8
Größe,15
lohnen,4
Frage,34
Perspektive,8
Gemeinwesen,1
Wien,3
gewährleisten,20
Erdgeschoß,7
Euro,9
vermietet,3
Verantwortliche,7
konsequenterweise,1
städtisch,17
Qualität,11
sprechen,17
wichtig,104
vermeiden,47
Arbeitsplatz,14
Nähe,40
schaffen,118
Rest,7
Dorf,13
Abstand,16
wahren,2
möglichst,58
autofrei,23
Behinderte,4
erreichbar,13
Kontrolle,15
mindestens,26
Platz,198
derzeit,35
schmal,51
gelten,29
Fehlplanung,4
Jung,13
planen,32
gesehen,4
Geschwindigkeit,35
vermindert,3
reduziert,3
Gehweg,80
gesichert,6
sicher,122
Verhältnis,9
Autofahrer,93
hierbei,9
Privatperson,4
Unternehmen,12
aussuchen,1
Kampagne,1
spenden,2
verdoppelt,1
pflanzen,23
Weltkrieg,3
europäisch,5
Aktion,9
starten,7
Amt,3
engagieren,2
Unterstützer,1
investieren,2
Million,2
Lücke,9
schließen,17
aktuell,54
teils,6
Waldgebiet,1
Naturschutzgebiet,12
Niederung,5
kostengünstig,6
Ausgleichsmaßnahme,3
roden,1
anlegen,21
unsinnig,3
zerstört,17
unbedingt,52
erweitert,7
Flugzeug,2
sauber,18
Parkplatz,131
anstatt,13
breiten,18
Zug,23
Diskussion,7
unten,15
laut,14
umgesetzt,12
fahren,192
zudem,39
Geschwindigkeitsbegrenzung,10
beobachten,4
ständig,14
Situation,53
Ecke,37
verbogen,1
Linie,26
ersetzt,16
Achse,24
durchgängig,19
frei,66
befahrbar,10
hierfür,14
dringend,67
dauerhaft,17
gesamt,84
Straßenzug,7
nötig,28
dunkel,13
Jahreszeit,6
selbstverständlich,8
anfühlen,1
Autobahn,28
entgegen,5
fließend,9
Autoverkehr,87
falsch,17
Straßenseite,12
verbessern,32
tot,6
Winkel,1
wirken,17
Möglichkeit,102
Zusammenleben,5
hergeben,3
Kleingarten,25
beherbergen,4
Treffpunkt,18
besonder,18
betreut,7
fehlen,86
ausreichend,56
vorhanden,88
Wohnraum,40
Mischung,5
Reihenhaus,8
Eigentumswohnung,6
Arbeitsmöglichkeit,1
Behinderung,10
Werkstätte,6
Verein,22
Kultur,9
nett,12
Kneipe,10
Schanze,2
alternativ,22
ländlich,16
wirkend,1
Land,12
City,28
gelockt,2
Rau,1
sozial,58
Viertel,32
Freifläche,18
Baufläche,2
Konzept,45
wesentlich,15
Erhalt,21
zwecks,5
Beitrag,37
Grüne,19
Lunge,8
öffentlich,150
Park,201
Wasser,47
Brücke,43
Abholzung,1
saugen,8
Sichtachse,2
Nord,14
Insel,12
eignen,11
hervorragend,6
erweitern,9
festgeschrieben,2
Funktion,17
ohnehin,19
nachkommen,2
sogar,23
betreten,7
untersagen,2
gering,35
Straßenverkehr,10
Bahnhof,37
gewinnen,14
Haushalt,11
Entwickler,3
Wohngebiet,69
halten,66
Parkhaus,23
übrig,14
selber,7
bedienen,4
Parkmöglichkeit,21
Freiraum,13
gestaltet,26
Kino,10
Raum,76
verlassen,9
Gelegenheit,6
Umzug,3
insgesamt,20
ergreifen,5
reduzieren,45
gleichmäßig,6
gestalten,33
rechts,26
links,32
Fahrzeug,33
einfädeln,2
Aufmerksamkeit,3
Meter,28
pro,37
Ersatz,3
beruhigend,1
Ampel,110
Jugendhaus,2
Etage,4
Staffel,3
Architektur,10
lehren,2
Mehrfamilienhaus,9
Stockwerk,11
überschreiten,10
Wohnblock,4
überragen,2
gesunden,3
Einzelhaus,7
Wohnen,1
Studentenwohnheim,3
fragen,14
unterbringen,8
zugunsten,9
grünen,55
Floskel,1
wohnen,78
grün,61
fast,42
verschwinden,11
wertvoll,11
parken,20
zeitgemäß,10
geschaffen,59
Rückseite,3
S-Bahnhof,15
ersetzen,4
zugänglich,31
Fahrradweg,129
ausweichen,21
Schüler,20
französisch,2
gefahrlos,7
überqueren,32
Umweg,13
nehmen,51
Zone,50
Gefahr,22
bannen,1
vielfach,4
Durchgangsstraße,12
Verkehrsteilnehmer,46
durchgehend,26
vorgeschlagen,13
Planung,88
erhöht,23
S-Bahn,75
Anschluß,16
Gegend,20
versinken,1
überfüllt,11
Sitzplatz,6
kriegen,2
solange,5
fertiggestellt,4
maximal,16
schnellstmöglich,2
befinden,36
U-Bahn,47
Altenheim,3
mehrer,14
Kindergarten,20
frequentiert,13
Umbau,31
enorm,9
lösen,9
nachhaltig,53
gewandelt,1
durchschneiden,1
Buslinie,16
erkennbar,3
zwingend,5
Ampelanlage,5
beruhigen,3
Wohnanlage,8
rot,32
fest,30
meiste,31
stören,20
Unfall,16
Schwerpunkt,2
Engstelle,9
prüfen,10
Stadtgebiet,11
Förderung,20
gigantisch,1
üblich,9
einseitig,6
abgeschlossen,3
Gebühr,3
belasten,24
Zumutung,10
Bezirk,58
funktionieren,15
Natur,65
komplett,32
entkoppeln,1
faktisch,2
relevant,1
anschließend,6
Vorbild,23
Metropole,4
London,20
Idee,98
Kreuzung,91
veröden,1
einspurig,28
homogen,2
riskant,3
Überholmanöver,9
entsprechend,40
jahrzehnte,9
Programm,6
begeistert,5
regelmäßig,37
Jury,1
Zuschauer,13
innen,30
Filmfest,1
verbreitern,17
Geländer,9
kaputt,10
Innenstadt,48
geschehen,16
Abgas,21
treffen,24
Druck,7
Reederei,4
ausüben,2
niedrig,10
abgrenzen,3
ausgeschlossen,8
Markierung,14
eindeutig,14
abgetrennt,14
Fahrtrichtung,11
Fahrspur,18
beibehalten,6
Rahmen,25
Quarter,1
Gesichtspunkt,1
urban,24
Anwendung,3
untersucht,3
Gebiet,58
Überflutung,1
aufweisen,3
ergeben,11
Chance,26
Einsatz,4
Vorschlag,37
Umgestaltung,11
Markt,20
erarbeitet,2
Dachfläche,13
Verbindung,58
beinhaltet,3
gewiß,7
verkehrstechnisch,10
Annahme,2
bitte,92
Abgrenzung,6
außerhalb,20
Feld,23
Beeinträchtigung,6
abgerissen,8
ebenerdig,6
nutzbar,17
Tunnel,21
verlagern,6
städtebaulich,16
Jahrhundert,6
zurzeit,5
vorsehen,10
Altbestand,1
bedingt,2
Distanz,2
Nachbar,15
Identität,6
Stadtviertel,5
ebenfalls,32
genehmigen,4
Bewohner,85
unmittelbar,11
zeugen,2
qualitativ,3
Ausrichtung,2
siehe,24
per,35
E-Mail,10
Moderation,9
eingestellt,16
abgestimmt,3
halb,9
Minute,19
motorisiert,27
absolut,21
angebracht,11
Blaue,2
markiert,8
plazieren,3
abgesehen,1
erwartet,1
engen,15
Kurve,7
schlicht,4
gesetzt,11
Erneuerung,3
verlegen,21
Grundstück,30
erneuert,4
anbieten,34
Tempo,86
bedenken,8
Hochbahn,8
leise,7
einsetzen,13
Knotenpunkt,6
Kürzere,1
autonom,5
fahrend,13
flott,1
Leber,1
benötigt,20
klein,42
dimensionieren,1
Dach,27
verfahren,1
Kostengrund,1
Umsetzung,13
Sinn,17
Fahrgast,7
zumeist,3
deutlich,70
verspätet,1
Ausbau,45
angeschlossen,8
immens,4
womöglich,3
angehen,7
senkrecht,2
Bett,1
insbesondere,69
beschrankt,1
Bahnübergang,1
verursachen,4
unglaublich,7
vorgenommen,2
ansonsten,6
erheblich,30
getroffen,2
rollen,3
S-Bahn-Linie,3
ausbauen,68
Flughafen,15
Aktive,2
demokratisch,2
Monat,8
honorieren,1
Allee,5
Bergstraße,1
weitergeführt,2
Wesentliche,1
Verfahren,3
eingeladen,2
beteiligen,13
Verbesserung,24
Parallelstraße,4
passieren,24
Altbau,2
verhindern,22
Leerstand,4
Schädigung,3
Abriß,3
Charme,10
wärmen,1
Verdichtung,20
Maß,6
helfen,22
begehren,1
Nutzung,57
Baulücke,1
Aufstockung,3
Geschoß,18
Gebäude,72
orientieren,6
Innenhof,4
besiedelt,5
einbeziehen,32
Pulsader,1
öfter,9
zukünftig,29
verschonen,1
Individualverkehr,22
Streckenführung,2
bedacht,2
Route,12
vorbei,20
Gewerbegebiet,17
handeln,18
Halle,12
offensichtlich,9
Erwägung,3
gezogen,6
Thema,39
Klimaschutz,14
räumen,3
Beet,7
entfernen,16
Meile,12
hilfreich,7
Partner,3
Anna,1
Susanne,1
ausrüsten,3
Regen,10
benutzen,20
ungefährdet,1
Tankstelle,8
akut,3
Einmündung,14
abbiegen,26
Stoßzeit,10
Hafen,30
bestehen,61
sicherlich,20
blockieren,11
stehen,77
vorbeikommen,6
befahren,18
zumal,8
Eisenbahnbrücke,2
erschwert,5
Wanderweg,11
überfällig,2
zeitweise,5
gezeigt,5
Verkehrsbehinderung,2
Verkehrsaufkommen,18
morgens,9
schwierig,15
intelligent,8
erkennen,15
stoppen,10
sobald,1
Übergang,23
sonnig,5
verursacht,6
Stau,26
Verkehrsinsel,15
Kreisverkehr,23
irgendwie,3
aggressiv,5
anderthalb,2
schrumpfen,1
unmöglich,9
wegfallen,6
Art,31
bevorzugen,4
beurteilen,2
langsam,17
Schulkind,12
Gruppe,17
ansammeln,1
einzeln,14
Kompromiß,2
bravo,1
sogenannt,5
aufgehoben,3
umständlich,3
gefährden,11
dennoch,10
wechseln,13
logisch,1
nachvollziehbar,2
schalten,7
anfordern,2
einheitlich,2
versuchsweise,1
testen,1
bedarfsgerecht,2
einführen,14
heranfahren,2
Reihe,11
grundsätzlich,18
Verlassen,2
Umlauf,2
abwarten,2
kommend,27
dauern,4
bringen,40
echt,35
Schaltung,4
optimiert,9
Licht,5
unverständlich,2
ändern,15
schwer,15
künftig,6
vermehren,4
übersehen,4
überrascht,1
sichtbar,14
gelöst,8
Personenschaden,1
Wunder,1
optimieren,3
Modell,6
Bramfeld,6
zweimal,2
meist,12
überquert,4
Rücksicht,9
ausdenken,1
Abbau,1
verlangsamt,2
aussetzen,2
Aussage,4
sämtliche,4
Bedürfnis,7
ausgerichtet,6
Fahrt,10
Bundesautobahn,1
mitten,14
umsteigen,16
unattraktiv,7
kompliziert,1
Warten,1
inklusiv,14
verbessert,25
Villa,4
angesiedelt,7
wechselnd,8
Ausstellung,9
Archiv,3
Forum,3
Feuerwehr,10
Umleitung,8
Landstraße,16
Analyse,2
Auswirkung,7
Nachbarschaft,12
angrenzend,26
hauptsächlich,7
gestört,3
ungestört,6
Garten,37
Senat,16
zugesagt,2
Bebauungsplan,6
nachlesen,1
angebunden,8
hoffen,12
Zusage,6
gefunden,4
Hauptstraße,21
leiten,9
isolieren,3
Lage,32
verringert,7
bedeuten,3
Bedarf,17
ordentlich,9
abdecken,2
schweigen,2
bauen,67
überdacht,22
hinzu,10
Anforderung,13
Anliegen,2
Berufsverkehr,9
vernünftig,23
abfließen,2
Ansicht,4
günstig,17
Großteil,5
Mittlere,18
Landweg,37
darstellen,17
Detail,5
südlich,35
schonen,5
Sackgasse,7
ausgezeichnet,5
Änderung,2
sowohl,19
bildlich,1
ermöglichen,56
Durchgangsverkehr,26
auslegen,9
Kopenhagen,20
zügig,15
ausgelastet,4
voll,21
spätestens,9
sorgfältig,1
Verkehrsstrom,3
hinsichtlich,4
nachdenken,16
erstellen,5
verkehrsberuhigt,4
problematisch,5
Bezug,11
benötigen,13
Zuordnung,1
Angebot,29
Infrastruktur,35
Jugendliche,27
angenehm,7
gemütlich,6
meistens,6
unübersichtlich,14
Säule,6
tauchen,1
Mauer,4
Gitter,1
bezahlt,2
relativ,12
Leute,54
bewältigen,6
geeignet,37
Auslegung,3
Trennung,20
umgebaut,13
Westen,29
Osten,20
verteilt,14
Anreiz,7
schwach,8
Anschaffung,2
Gerät,18
gefördert,24
Ansiedlung,2
Gründer,2
fördern,42
beleben,7
kommunikativ,1
klassisch,5
verschieden,50
zusammenbringen,1
Oase,4
einbinden,14
Schnittblume,1
angelegt,27
Wert,10
Besucher,30
anreisen,1
gewöhnen,1
Feiertag,2
Wochenende,16
Zufahrtsweg,1
etabliert,3
Parkgebühr,3
zahlen,7
Verstoß,3
konsequent,23
kontrolliert,6
ahnden,4
einrichten,32
Plakette,1
sicherstellen,11
beabsichtigt,1
Verfügung,35
interessant,13
einkaufen,6
Arbeitsgruppe,2
Ausschuß,1
Prozeß,4
architektonisch,6
stadtplanerisch,2
Besondere,2
all,8
Boden,19
gekennzeichnet,6
link,1
Klima,11
schutzwürdig,1
auswählen,1
nah,56
Info,7
Steckbrief,1
wundern,3
bebaut,19
Artikel,3
fasziniert,1
aufgehen,1
weben,2
Magazin,1
reisen,1
Arzt,15
Versorgung,16
Kapazität,19
medizinisch,3
Pfütze,3
Studierende,6
Illustration,2
arbeiten,12
schlagen,19
kreativ,5
wachsend,14
Einwohnerzahl,3
verdichten,9
ehemals,6
Wohneinheit,9
aufgeblasen,1
ungebremst,3
weitergehen,1
herziehen,1
verkommen,4
Steigerung,3
Wohnort,3
angewiesen,15
klar,28
eindämmen,3
Plan,15
Ansatz,1
Verschwinden,1
Lust,1
derartig,4
Grenze,15
senken,5
Notwendigkeit,2
kritisch,10
Menge,9
ziemlich,9
Herausforderung,4
nördlich,41
Anhaltspunkt,1
Klein,6
Ringstraße,3
Marktplatz,5
begrünt,9
Ring,6
Bauphase,16
Ladenfläche,1
Tiefgarage,16
Ständer,1
inoffiziell,1
erzeugt,10
rücksichtslos,7
mangelhaft,1
Club,3
zwingen,7
tödlich,2
Beschimpfung,1
Betonung,1
Zukauf,2
beeinträchtigen,15
Gegensatz,10
problemlos,4
begegnen,4
konkurrenzfähig,2
Fahrzeit,2
ausreichen,7
Kapazitätsgrenze,1
Busverkehr,2
erfordern,2
Zugang,30
erforderlich,27
werktags,3
tagsüber,9
Min,11
Takt,10
angeboten,11
angedacht,2
Ast,4
gen,7
Nahverkehr,13
zweispurig,14
behindern,6
frühzeitig,6
gleichzeitig,32
gedacht,14
überlastet,19
vorstellen,13
Verkehrsanbindung,23
innovativ,10
Roboter,1
optimal,7
Führung,12
realisierbar,3
vollständig,6
Verzicht,3
abgestellt,5
Pflege,21
verwechseln,1
Ausbildungsplatz,1
ausfahren,1
parkend,23
häufig,36
eingeschränkt,11
endlos,1
Strom,10
Pendler,30
Wartezeit,5
Seltenheit,1
erleichtern,6
großzügig,13
ausgewogen,2
Bevölkerungsgruppe,4
förderlich,3
momentan,10
gegeben,17
Ziel,54
herstellen,16
unterschiedlich,28
Nationalität,1
Bebauung,69
gespickt,2
einzigartig,9
benachbart,4
repräsentieren,1
Bildungseinrichtung,2
Aufstiegschance,1
freistehend,2
Hochhaus,13
egal,6
Gewerbe,10
Aussichtsturm,3
kennen,15
hölzern,1
schlank,2
Wildpark,1
Schwarze,1
bergen,2
hübsch,2
passend,7
maritim,1
Aussichtspunkt,4
riesig,12
Blick,16
divers,9
Wahrzeichen,1
wodurch,7
feststellen,3
Zwischenstopp,2
Foto,10
Ausweitung,4
Fußgängerzone,8
Pflegeheim,2
weichen,6
Grünanlage,21
Sportanlage,13
brauchen,107
Tiefe,6
Öffnung,4
Auffahrt,4
Form,23
heraus,6
vorherrschend,1
filtern,1
Luft,42
dick,4
tatsächlich,9
Ballungsraum,1
dreimal,2
gemessen,2
schlau,1
bewegt,4
umweltfreundlich,11
Kennzeichen,5
gelegentlich,3
ablenken,1
prestigeträchtig,2
bestaunen,1
Erlebnis,3
Höchstgeschwindigkeit,4
gesenkt,5
ausgebaut,4
erfolgreich,5
Sonntag,4
Mitbürger,6
Effekt,9
stärken,10
Bewußtsein,5
Schritt,8
Naturschutz,4
Ballungszentrum,1
bewahrt,1
ausweisen,3
Bunker,7
umgestalten,4
Sperrung,7
Belohnung,1
Anmeldung,2
verbieten,8
Barcelona,6
innerhalb,14
begrüßen,9
abzeichnen,1
ausschließen,4
Stichwort,6
Gehege,25
geschlossen,17
solch,5
einlassen,1
Busverbindung,5
aufbauen,15
nutzen,117
gebraucht,7
aufbereiten,1
Wasserverbrauch,1
verringern,8
Polizei,15
aufhören,4
Nase,3
lernen,10
durchsetzen,6
gefährdet,11
anfangen,4
abschleppen,2
80er,2
täglich,28
Freude,1
Quälerei,1
Meinung,12
Pkw,56
Trasse,9
flüssig,3
synchronisiert,1
installiert,23
Gruß,5
Sonne,5
geschützt,15
Aussicht,1
allzu,3
gewagt,2
überholen,10
beinahe,1
einschätzen,1
eventuell,13
aufstellen,7
endgültig,2
Konflikt,14
minimieren,8
Vorrang,11
allgemein,10
Gefühl,7
anfahren,6
stehend,5
unterstützt,12
teilen,6
Person,16
Wohngemeinschaft,3
Einschränkung,8
angesichts,6
Einbahnstraße,19
automatisch,8
politisch,6
willen,3
ausstatten,5
verflüssigen,2
bereit,8
bezahlen,5
asozial,1
verwöhnen,1
anfassen,1
verwöhnt,1
Bundesstraße,11
ausschließlich,10
übergeordnet,2
Kategorie,2
Normale,1
Badesee,7
Sportplatz,14
umgewandelt,5
verlängert,11
Balkon,13
Zentrum,57
Bank,50
versiegelt,9
halbiert,1
rechtsseitig,1
belebt,4
Einzelhandel,5
Konservatorium,1
mehrere,24
Vernetzung,9
Fassade,12
vorbeugen,2
Kanal,16
erhöhen,21
vergrößern,4
Planungsbüro,1
vergeben,2
gemeinhin,1
einbringen,8
vorhalten,2
verpflichtet,2
Flächennutzungsplan,3
seitens,4
berücksichtigt,29
Liebe,2
Anspruch,9
gerecht,18
errichtet,18
Senior,20
stellen,78
beantworten,1
holen,7
Masse,4
Inspiration,2
Dänemark,4
Frankreich,1
packen,1
erleben,18
unsicher,8
eingerichtet,21
beitragen,8
alltäglich,2
überhöht,5
keinesfalls,5
Sanierungsmaßnahme,1
fallen,9
gefällt,18
grau,5
abholzen,3
fällen,2
idyllisch,1
Mehrheit,3
bedeutet,16
Vergnügen,2
zentral,36
Wohnsiedlung,1
Umland,8
hochziehen,1
Uferseite,1
Folge,12
Bild,18
toll,41
Wald,14
Gardine,3
belassen,4
sensibel,2
Nebenstraße,5
gestellt,25
Zufall,1
Umgebung,27
generell,15
übermäßig,2
Bürger,66
Wohngegend,3
zumutbar,5
sympathisch,1
Interesse,9
vernetzt,2
opfern,6
gemäß,10
Gerücht,2
konkret,4
Information,16
geheim,1
gehalten,8
verdeckt,2
mächtig,1
Beleidigung,2
normal,12
Bestrafung,1
vornehmen,1
Faktor,2
aufgrund,32
Grundwasserspiegel,3
verständlich,2
Aspekt,8
beleuchten,6
massenhaft,1
Schrebergarten,3
geradezu,2
abscheulich,2
betroffen,10
Vergleich,8
Grundbesitzer,1
absehen,4
absurd,2
verkehrspolitisch,2
Konsequenz,2
arbeitend,1
treiben,5
Eigentum,5
Baugebiet,3
einhalten,3
willkürlich,1
ignorieren,9
verdichtet,11
passen,12
flächenmäßig,1
insofern,4
Brennpunkt,6
drastisch,2
gemeint,5
entschieden,8
Häuschen,6
beachten,20
gelegt,5
dörflich,2
stattfinden,16
kleinteilig,4
verantwortlich,3
behutsam,2
Kulturlandschaft,12
analog,9
Drittel,1
beziehen,2
Umkehrschluß,1
Einkommen,3
Mehrzweckhalle,1
ansässig,8
Schwimmbad,17
Erweiterung,6
zeigen,26
grausam,2
harmonisch,3
sanft,1
bedürfen,12
Phase,2
Damm,31
aufrecht,5
bestmöglich,1
Seitenstraße,8
Januar,3
Vision,7
Grün,53
gepflegt,11
zeitlich,7
Begrenzung,2
Ausgleich,7
begrünen,15
Überführung,3
bepflanzen,16
verbunden,23
weisen,16
kalt,2
Beton,6
Schöne,4
Gras,5
gewichtet,1
Strauch,7
Risiko,2
positiv,15
ausgehen,6
dokumentiert,2
Letzte,1
Winter,10
Zirkus,1
dienen,36
Behelfsbrücke,4
fertig,9
Verhandlung,1
aufgenommen,4
Straßenbau,3
vernichten,8
Altersklasse,2
Einkaufsmöglichkeit,13
durchdacht,7
Mindestanforderung,1
regenerativ,3
Sanierung,6
umleiten,4
klicken,1
verfassen,1
wählen,6
Titel,2
Punkt,30
Karte,9
beliebig,2
Kritik,3
eingeben,1
zuordnen,2
ergänzen,8
Dokument,4
veröffentlicht,4
Falle,3
löschen,1
zurückführen,1
belastend,1
gesundheitsschädlich,2
vierspurig,2
gezielt,3
Mieter,10
Eigentümer,11
Alltag,3
uneben,3
Priorität,8
Anmerkung,4
freuen,19
Kern,2
Horn,15
Beleuchtung,14
angemessen,5
Ergebnis,7
Erhebung,4
Wurzel,3
Lampe,1
gerichtet,1
Drangsalierung,1
vorgehen,4
leer,5
verhalten,8
exakt,2
parallel,21
Aufwand,8
Schutz,19
Teilstück,6
werten,2
Wahnsinn,1
Fabrik,2
stecken,4
Geschick,1
erfolgt,7
Aufgabe,4
Busspur,9
geschafft,5
zurückgesetzt,2
Beschränkung,3
durchfahren,5
richten,6
zusammenarbeiten,1
Bessere,4
Berg,5
unangenehm,2
Fell,1
aushalten,2
derzeitig,15
empfinden,2
abends,16
gefahren,13
Bogen,2
geteilt,2
Link,7
Wohnhaus,13
abgewandt,1
Busch,8
trennen,7
Kluge,1
einbauen,2
aufnehmen,8
mitnehmen,4
Störung,3
geraten,1
System,8
vorne,4
bestanden,1
brechen,2
platzen,4
Naht,3
paar,24
längs,5
Nagel,3
Hund,22
asphaltiert,4
Anfang,20
Fahrradfahrer,55
stauen,6
Hand,11
Ufer,11
Stellplatz,16
prägend,1
Maßgabe,1
versiegeln,5
bebauen,11
Naturraum,3
Wohlbefinden,1
Beteiligung,21
bewußt,9
drücken,3
flächendeckend,7
Diskriminierung,1
übertreffen,1
effizient,7
mithilfe,1
heftig,1
umprogrammieren,1
Schalter,1
demontiert,1
sofort,9
zuvor,1
angefordert,1
bewahren,4
unabdingbar,4
friedlich,3
Gesetzgeber,2
Politik,19
Sozialwohnung,5
finanzieren,3
zuführen,3
Kerngebiet,3
bezahlbar,7
bezogen,4
quetschen,2
wegziehen,3
Option,6
berufstätig,2
Uni,8
vielmehr,5
designiert,1
zumindest,34
Rätsel,3
Bahnlinie,4
Langenfeld,13
massiv,20
verführen,3
fühlen,23
sorgen,24
verbreiten,3
Kulturgut,2
abgelehnt,5
Devise,1
Schluß,1
Wohnbereich,4
Spedition,1
fressen,1
Flächenstaat,1
begreifen,2
irgendwann,8
unerträglich,3
heiß,3
krank,5
interessieren,7
erklären,4
Großprojekt,1
inzwischen,13
manifestieren,1
Abend,4
entwickeln,22
lebendig,5
eingeplant,7
Straßenverbindung,3
Saft,2
Linde,3
S-Bahn-Station,5
gleichermaßen,2
glücklich,2
Friedhof,9
Erkenntnis,1
total,8
ausnutzen,1
bislang,7
geprüft,7
freihalten,3
Würfel,1
gepflastert,7
Glätte,1
gestreut,1
zunehmend,18
schädlich,2
saniert,4
einmalig,5
Potential,7
eröffnet,4
Struktur,10
Moment,3
häßlich,7
bloß,3
ans,4
Verwandlung,1
wunderbar,3
Prinzip,2
Hindernis,10
Hinweis,12
Wunsch,10
lindern,3
Mündung,1
höchstens,2
entsprechen,6
modern,19
Verkehrsmittel,21
ruhend,6
hinzukommen,3
Motivation,5
wert,6
Gegenstand,2
einräumen,4
Wetter,16
verzweifelt,2
kreuz,4
quer,8
Straßenecke,1
kommerziell,1
bevorzugt,2
Berechtigung,2
umwandeln,7
Bürgerhaus,4
Büroraum,1
Wissenschaftler,1
Händler,1
Gewinn,10
verlieren,10
smart,4
detektieren,1
Thematik,1
dargestellt,4
einbiegen,2
drehen,3
widersprechen,5
aufwenden,1
Vereinfachung,2
Verschlechterung,1
Bedeutung,11
bevor,11
Spot,2
Bucht,1
nahezu,7
aufgelöst,1
klaffen,1
oberhalb,5
katastrophal,15
bequem,16
dorthin,9
Abgang,3
ärgern,2
Woche,13
Hagenbeck,9
betreffen,9
sofern,5
einfallen,1
selten,12
Fahrplan,3
ankommen,3
beraten,2
Bein,1
Bauch,1
wiederum,3
U-Bahn-Station,9
liegend,11
Pool,2
Insasse,3
verstärken,6
verzichten,15
reflektieren,2
Motorrad,3
Ausflugsziel,7
überlaufen,1
Rathaus,17
Nacht,8
Holländische,5
wunderschön,2
historisch,18
Parkanlage,14
lokal,19
Spaziergang,5
Radtour,2
Bürgersteig,24
Taxe,3
Grünzug,9
Durchbruch,3
vollzogen,2
Energieverbrauch,3
kompakt,6
Baukörper,3
entworfen,2
bilden,14
flexibel,6
Vorhang,1
drehbar,1
Regal,1
Atelier,4
kreieren,1
Betrieb,10
basiert,1
Ressource,5
Umfeld,17
Gedanke,12
Welt,7
voranbringen,2
Haushaltsmittel,2
realisiert,12
anstelle,3
negativ,8
beeinflusst,4
heizen,1
Klimaanlage,1
ausgestattet,10
durchbrennen,1
außen,8
nachholen,1
Photovoltaikanlage,1
installieren,12
Terrasse,6
Befragung,1
unglaubwürdig,1
geschickt,3
einplanen,8
Flohmarkt,7
Deich,12
eigenständig,4
verleihen,3
schießen,3
rasen,12
verkaufen,4
unrealistisch,1
Komplex,1
abreißen,2
komfortabel,5
Landschaft,14
Einführung,5
Erholungsgebiet,2
Hansestadt,5
gelb,12
vermutlich,11
Basketball,3
Ältere,6
Veranstaltung,44
Ding,5
verändern,6
streng,2
fern,3
unabhängig,9
Laden,15
versprochen,3
kümmern,6
bitter,1
gegenüberliegend,7
verbauen,3
spazieren,5
hochkarätig,1
Designer,1
Ikone,1
international,14
Rang,1
herausarbeiten,2
übernehmen,14
Verantwortung,6
berühmt,2
wofür,3
verstecken,3
schauen,14
herausragend,1
messen,1
Schatz,1
Ausweichmöglichkeit,2
unterbrochen,6
beschildern,1
Miete,6
abseits,7
Lebenschance,1
Einkauf,5
nirgends,3
Kinderspielplatz,6
Freibad,5
August,2
Anleger,11
Biergarten,3
verwässern,2
Wohnbau,1
begrenzen,8
ansteigend,3
einfältig,1
tief,6
entwässern,3
Fluß,1
lauten,5
Streß,2
schützen,14
lieb,22
versucht,6
Vorstellung,4
ideal,11
unlösbar,2
ablehnen,1
genau,30
Ghetto,5
Rand,19
speziell,11
berücksichtigen,18
Klare,6
Kommunikation,6
unzählig,2
prägen,4
Außenbereich,2
Zuspruch,1
koordiniert,1
Zahl,10
vorankommen,2
unzumutbar,6
Verwaltung,8
Anlieger,9
uneingeschränkt,1
gleichberechtigt,3
gesund,8
Volumen,2
Technologie,3
gesteuert,1
Schranke,1
Knoten,4
garantieren,5
verlagert,2
gültig,1
Festsetzung,1
Bauweise,3
Bäckerei,5
verkauft,3
Gelände,19
verletzt,1
zulässig,4
vorgeschrieben,3
Einwand,2
kommentieren,1
beantwortet,1
Dimension,3
Freizeitangebot,4
realisieren,16
einschließen,2
ernsthaft,6
unterirdisch,18
oberirdisch,7
schwebend,1
Garage,4
gruselig,1
schmutzig,2
verwahrlost,1
riechen,1
andauernd,6
Fahrstuhl,5
behindert,3
Gepäck,1
frequentieren,7
zuschreiben,1
wahlweise,2
intuitiv,4
progressiv,3
geschaltet,2
Signal,4
ausbremsen,6
beginnend,4
mehrstufig,1
enden,9
Debatte,3
vorfinden,1
geübt,1
Länge,24
spontan,3
überholt,5
menschlich,4
wahrgenommen,4
zerschneiden,6
unklar,4
Rollstuhlfahrer,11
abgesenkt,7
geradlinig,1
entscheidend,1
dar,10
farbig,1
Last,8
Wohnstraße,2
abfahren,4
gewünscht,9
Verlauf,7
bestimmen,4
tangieren,1
Zulieferer,2
Laster,3
gesperrt,12
Zustand,23
Schneise,4
abbauen,3
pendeln,6
steigen,17
Zusammenlegung,2
zwangsläufig,7
Ausführung,1
deuten,2
billigen,1
billig,6
drohend,1
Hilfe,6
Obere,2
abwickeln,5
freundlich,15
Diebstahl,2
Keller,3
unterstellen,2
ungleich,1
Überlastung,2
drohen,4
münden,2
freigeben,5
Stil,5
einfließen,2
verschlechtern,6
merklich,3
wiederholt,2
Fußgängerweg,5
drängen,4
überarbeiten,6
Entscheidung,5
abhalten,3
Termin,5
ungewöhnlich,3
gewählt,2
Luftballon,1
bunt,12
Zettel,1
schreiben,4
eingesammelt,1
nennenswert,4
Auswertung,3
erwünscht,2
angeblich,3
unverzichtbar,3
arm,2
Südwesten,3
zufälligerweise,1
finanziell,7
Vorteil,12
Siedlung,8
Mietpreis,3
jedenfalls,4
hochgradig,1
Kombination,12
Parkfläche,11
lehnen,2
behaupten,1
funktionierend,6
gestalterisch,3
leihen,1
Anbieter,4
irgendwo,6
abstellen,10
Essen,2
verschönern,4
aufkommen,2
Rückstau,4
Instabilität,1
Sparkasse,1
vormittags,3
entspannen,14
zerrissen,1
Acker,4
abwechslungsreich,5
Bewegung,7
dankbar,2
Anschlußstelle,5
eröffnen,3
Einkaufszentrum,9
Eigenheim,1
Jahrgang,1
brennen,1
Mitarbeiter,6
verschlimmern,1
scheinbar,1
hart,6
entladen,2
schleppen,2
Besuch,8
einladen,13
Abstellplatz,3
annehmen,4
beschäftigt,5
Zukunftsvision,2
beschrieben,9
räumlich,12
besiedeln,5
Konkurrenz,1
wahr,8
knapp,16
fraglich,3
gelingen,4
wahrnehmbar,2
einstellen,1
Gewerbebetrieb,4
ansiedeln,4
entfallen,6
gelegen,7
entgehen,1
möglicherweise,6
Einnahme,1
atmen,3
schlafen,1
Wohnlage,1
plötzlich,1
Schmuckstück,1
zurückbauen,8
Prüfung,2
Mut,8
Gespräch,2
anstellen,3
legen,8
bisherig,19
Überschrift,1
betrieben,6
anspruchsvoll,7
ausschreiben,2
angesprochen,3
stolz,4
Pendant,1
unterstützen,9
eingegangen,1
hervorgehen,1
entscheiden,7
Kopf,4
anscheinend,1
munter,1
Interview,1
ausarbeiten,2
feststehen,2
konstruktiv,2
durchziehen,3
vorher,6
überdenken,5
Gesamtkonzept,5
Restaurant,16
Italiener,1
Küche,4
decken,2
oftmals,11
gebrauchen,1
verschärfen,1
Mutter,6
erledigen,4
schweben,2
regional,12
Spezialität,1
Zentrale,2
aufsuchen,3
Aufenthaltsort,3
verweilen,5
Altersheim,1
Nachmittag,2
Kaffee,2
trinken,5
Heim,1
erwarten,6
liebenswert,3
Gehalt,1
leisten,13
Zimmer,4
Alleinerziehende,3
See,26
Strich,1
anhalten,4
beeinflußt,1
endend,1
seither,1
praktisch,5
Versuch,2
gescheitert,3
geographisch,1
traditionell,1
Einzelhändler,2
kapitulieren,1
Bedingung,10
steigend,6
begnügen,1
Hinsicht,4
weitläufig,2
überwiegen,2
Verkaufsfläche,1
vergleichsweise,2
durchschnittlich,2
Ausstattung,1
Einwohner,10
verblieben,2
zerstreuen,1
erscheinen,5
Wochenmarkt,8
Mittwoch,1
gehend,4
erdrückend,1
Markthalle,3
wiederbeleben,1
beliebt,4
Firma,7
Kunde,8
anziehen,4
Gewerbetreibende,2
profitieren,14
erstarkt,1
erhoffen,1
Impuls,1
ausstrahlen,1
Ruf,2
stetig,5
auflösen,2
Abkürzung,6
abendlich,2
Abfahrt,7
Hohe,6
Elektroauto,5
erlauben,7
doppelt,6
beispielsweise,15
Gas,4
versetzt,3
Schwierigkeit,3
Verengung,7
Tempolimit,6
Bahntrasse,5
realistisch,2
atemberaubend,1
Ausblick,3
dreckig,2
vermissen,4
esoterisch,1
ausprobieren,4
Schnee,4
betont,3
eingeschossig,1
ausgeführt,5
Intention,1
Wohngebäude,4
herrschen,8
Gesundheitsproblem,1
auftreten,2
Schadstoff,4
Wahrscheinlichkeit,1
Messung,2
zutreffen,1
Zählung,1
Schätzung,1
Grenzwert,2
Freizeit,8
Nachtleben,5
abheben,2
Büro,9
Praxis,1
Bar,8
Kurze,2
Mietwohnung,3
Experiment,2
Student,3
Tageszeit,3
leuchtend,1
Pfeil,4
Überarbeitung,1
eckig,1
Regelung,7
Hälfte,7
zugute,3
Umgang,9
ungenutzt,7
schränken,1
unwirtschaftlich,1
irrational,1
erschwinglich,1
Genossenschaft,4
Verkehrsbetrieb,1
Preis,14
kosten,20
Jahreskarte,1
Kommune,1
übel,2
Unklare,1
laden,7
Rasen,4
Frequenz,6
Gunst,6
geduldet,2
sanktionieren,1
verteilen,3
Preisklasse,1
überdurchschnittlich,1
Fahrer,6
Geldstrafe,1
Isolierung,1
betrachten,2
erarbeiten,1
Hauptverkehrsachse,4
effektiv,3
entwickelt,22
Nutzungskonzept,1
Benutzer,1
mutig,5
zukunftsfähig,3
traut,2
mitunter,2
hinken,1
hinterher,3
wiegen,2
angehängt,3
April,5
Visitenkarte,1
umbaut,1
Zeitgeist,1
Stadtrundfahrt,3
hochwertig,3
touristisch,3
Voraussetzung,5
punkten,1
Pilotprojekt,3
verträglich,2
Beschleunigung,1
gewonnen,6
umbauen,9
Glanz,1
erstrahlen,1
Ost-West-Verbindung,4
verboten,5
ganzjährig,7
Wohnmobile,2
umgekehrt,10
Ladestation,11
vorantreiben,3
überdimensioniert,5
aufteilen,1
befestigen,3
Verlust,6
unverhältnismäßig,2
Emission,8
Lärmschutzwand,7
Industriegebiet,7
ertragen,2
zusammenführen,1
reagieren,2
hilflos,1
Patient,2
Lebensstil,2
fortführen,1
unbequem,3
Wahrheit,1
kurzfristig,7
Eindruck,4
erwecken,2
letztlich,3
signalisieren,1
Veränderung,6
fortgeführt,3
Gefährdung,7
umsetzen,10
primär,2
Orientierung,2
niederländisch,3
Standard,10
barrierefrei,20
baugleich,1
Gebäudeteil,1
Ladengeschäft,1
Nutzfläche,2
betragen,5
Instandsetzung,2
energetisch,6
begleiten,2
klassizistisch,1
vergleichen,1
Energieeinsparung,1
fossil,1
Brennstoff,1
rechtzeitig,2
integriert,18
Energie,23
zusammengelegt,1
leistungsfähig,8
lebhaft,1
schneiden,3
Industrie,3
Hotel,7
gestattet,2
abgegrenzt,10
durchgezogen,4
Nutzen,6
vorgeben,3
gemischt,3
ausspielen,1
Vorgarten,3
abgeben,3
leiden,11
beleidigen,1
bedrängen,7
auffangen,1
überschwemmt,1
Saga,6
perspektivisch,1
Steg,5
unentschlossen,1
Tochter,3
Gymnasium,4
gleichen,3
beteiligt,7
nachmittags,2
beliefern,2
Einsicht,2
mindern,3
übersichtlich,4
Temperaturunterschied,1
spüren,4
befürchten,6
Temperatur,2
steigern,7
abfangen,1
raten,1
versuchen,6
pünktlich,1
vergessen,10
final,4
zusammenbrechen,2
Umbaumaßnahme,2
Job,3
monatelang,2
Erleichterung,1
bißchen,7
Gast,9
Bauzeit,4
Region,6
spürbar,1
provisorisch,3
Stadtstaat,1
unbegrenzt,2
Zuzug,3
Stadtbewohner,2
Tausend,5
kurzzeitig,1
kulturell,9
unerläßlich,2
charakteristisch,2
Bestandteil,2
Grüngürtel,6
taugen,2
froh,1
Verkehrsweg,4
essentiell,2
Niveau,2
Zentimeter,1
Überschwemmung,4
Tier,31
einfügen,3
Postfiliale,1
optisch,12
fortbewegen,4
beugen,1
Gartenanlage,3
stundenlang,2
essen,2
lachen,1
unterhalten,6
Alter,4
Gemeinsamkeit,2
Unterstützung,11
Junge,6
Anlage,39
Gemeinschaft,1
Bekannte,1
verschmutzt,1
vorgeschoben,1
unlauter,1
Kleinod,1
Lauf,3
Arbeitsleben,1
kennenlernen,3
alleine,9
eintauschen,1
Energiequelle,2
Privathaushalt,1
sehend,1
fatal,3
erlaubt,17
hofieren,4
erniedrigt,1
betrügerisch,4
vergiften,4
zurücklegen,9
Integration,18
Rolle,3
Gemeinde,7
gleichförmig,1
verwandeln,2
Kooperation,4
regeln,4
Manöver,1
biegen,4
gespeist,1
schließlich,13
befördern,2
Imbiß,2
mittwochs,2
überlassen,1
verloren,10
Medium,6
Abwanderung,1
Rabe,2
Existenz,1
abwandern,1
Trend,4
Doppelhaus,4
beinhalten,1
extra,7
Aufschüttung,2
landwirtschaftlich,5
heiligen,2
Kuh,4
Fährverbindung,5
Fähre,8
einengend,1
unterdrücken,1
Katastrophe,6
Schlagloch,3
Auge,4
Qual,1
Schrank,1
verengt,3
ausgeschildert,2
Landungsbrücke,6
Fahrgemeinschaft,7
offiziell,6
verantwortungslos,1
fahrlässig,3
vorschreiben,3
Wort,4
melden,1
zurücktreten,1
potentiell,1
Bestehende,1
Hochwasser,3
Sand,9
ablagern,1
Kette,4
gereinigt,4
Arbeitgeber,2
alleinig,1
umlenken,2
vereinen,1
Aufkommen,1
wahrscheinlich,6
umgeben,4
Aktivität,9
Station,35
Wartung,1
übernommen,2
sichern,10
Amsterdam,7
offenbar,2
diesbezüglich,2
Pflicht,9
einst,4
aufbringen,2
Haufe,1
umweltverträglich,2
Hafenbecken,4
monatlich,3
Zwischenzeit,1
klauen,2
Eingang,18
fortsetzen,2
anbinden,7
Abstellanlage,2
Baron,1
etablieren,2
umgehend,1
akzeptieren,2
strikt,3
heraushalten,2
Echte,1
versenken,1
gefordert,7
Ausweisung,4
Bremen,3
exemplarisch,1
erwähnt,1
vorzugsweise,2
Umfahrung,2
ungünstig,5
chaotisch,4
Welle,4
ausweiten,6
regelwidrig,1
Hauptgebäude,2
bremsen,4
klären,1
marode,3
vorsichtig,5
ausgedrückt,1
übersät,2
erfreuen,3
sensibilisieren,1
anheben,4
niveaugleich,1
nebenbei,2
steil,7
klug,2
Ausnahme,8
Verbot,4
Gehsteig,1
enttäuscht,2
radikal,2
wegnehmen,7
stündlich,1
vorbeifahren,2
abzählen,1
versorgen,2
beschnitten,1
Rennrad,2
halt,2
absteigen,1
Klasse,2
anständig,1
Kennzeichnung,3
Stein,4
Sondergenehmigung,1
Feierlichkeit,1
Hochzeit,1
Diesel,3
Sportwagen,2
knappen,1
fort,1
Methode,2
umso,6
betreffend,1
Informationstafel,2
Glück,1
Wochenblatt,2
entnehmen,2
zustellen,5
Tafel,5
Hochwasserschutz,7
Bezirksamt,4
umgestaltet,3
partiell,1
zulassen,7
Inszenierung,2
Begehung,1
temporär,24
gewährleistet,9
derart,10
liefern,5
besorgen,2
zukommen,4
Sterben,1
kostenlos,23
Feuchtwiese,1
Nachfrage,3
ermutigen,1
aufgewertet,5
Anregung,2
mitgestalten,4
Juli,2
Standort,29
Stadtpark,12
Pfad,4
restlich,7
Tor,17
Zaun,9
einsperren,1
Spielen,25
unbeliebt,2
abdrängen,4
bedroht,2
körperlich,5
Besitz,2
gekoppelt,2
Ungerechtigkeit,1
Auszug,1
geltend,3
Netz,11
beschlossen,4
überdimensional,1
typisch,4
Erscheinungsbild,3
bereichern,5
Initiative,3
Flüchtling,13
Unterkunft,4
Vogt,2
Bürgerin,5
Baracke,1
verwenden,3
verwendet,8
hiermit,4
Glas,4
Neigung,1
Forschung,1
Hausnummer,2
Nummer,1
Bad,2
for,10
Can,7
Bildungssystem,1
Franzose,1
überlegen,4
gucken,3
Freie,6
Gutachten,3
bestätigen,3
Landschaftsbild,1
spannend,2
Erwachsene,15
Gestaltung,1
extravagant,2
dominieren,1
mixen,1
individuell,2
überlegt,1
hinzuziehen,1
reden,4
Entwurf,12
Landschaftsarchitekt,2
schlummern,1
genießen,7
Besucherstrom,2
Initiator,1
anstoßen,1
gelesen,3
Ergänzung,4
Eisdiele,2
Disco,1
Freizeitpark,2
Freilichtmuseum,1
vollkommen,1
Passage,1
Kraftfahrer,1
Ausflügler,2
schlängeln,2
Einfahrt,9
Stoßstange,1
Gastronom,1
Einkaufsstraße,3
Angriff,2
ausgewählt,4
samstags,1
verschlafen,1
zurückbleiben,1
Technik,4
Bauabschnitt,3
festgelegt,2
Wohngruppe,1
empfehlenswert,4
Seniorin,1
Museum,4
Kulturveranstaltung,1
Rollstuhl,6
vergleichbar,7
produzieren,3
anregen,4
Freiburg,2
abschauen,1
Ebene,4
kombinieren,7
Hinterhof,3
gleichwertig,1
gebündelt,4
nordwestlich,2
Regionalzug,1
dezentral,3
Drehkreuz,1
begünstigen,2
klingen,5
blöd,4
Rückfrage,4
Findling,3
Hecke,7
zurückschneiden,2
ungefährlich,3
Objekt,4
ersparen,2
verbindlich,5
Autostraße,8
Unterführung,6
renovierungsbedürftig,1
überwuchert,1
Eis,5
geräumt,1
schlimm,8
entgegenkommend,2
stets,4
Zusammenstoß,2
fassen,3
renovieren,2
Spaziergänger,6
verkürzen,4
umfahren,4
laufend,2
beobachtet,4
springen,4
umschalten,1
defekt,3
Rolltreppe,1
Rampe,9
zusammenwachsen,2
nötigen,7
schräg,5
Empfehlung,3
Not,3
Lebewesen,1
bereitstellen,4
gewertet,1
variant,2
reich,3
erben,1
Parzelle,5
bereitgestellt,7
kultivieren,1
lagern,3
Anbau,1
Landwirt,5
biologisch,3
Rasenfläche,10
Ausläufer,1
Bürogebäude,1
Zunahme,3
Religion,2
house,2
Berlin,7
Kirche,12
Moschee,6
Synagoge,1
Zeichen,5
Gefahrenquelle,1
hallo,6
Vater,1
erwägen,1
Gefahrenstelle,1
Schröder,5
Serpentine,1
bautechnisch,1
Erfolg,3
Antrag,1
Arbeitnehmer,3
zuständig,3
vereinzelt,3
erneut,2
prognostiziert,2
integrieren,12
Polizeiwache,4
denkbar,16
brausen,1
überfahren,6
mehrfach,5
überraschen,1
retten,4
Schnauze,1
Wagen,2
gelangt,6
verlaufen,16
brenzlig,1
aufpassen,2
verträumt,1
vorbeiführen,2
ungefähr,4
folgerichtig,1
unerwartet,1
Pfeiler,1
unnötig,11
freigegeben,2
Platte,3
befestigt,6
verdienen,3
Privatgrundstück,1
hineinragen,1
verbleiben,2
abgeschafft,1
Vorgehensweise,1
Anordnung,2
instandsetzen,1
physisch,5
landen,3
überprüfen,2
fügen,2
vorbildlich,3
Gemeinsame,1
zusammenkommen,1
austauschen,4
gemeinschaftlich,3
gärtnern,1
erholen,2
interkulturell,2
integrativ,1
einhergehend,3
ökologisch,17
alleinstehend,3
Kontakt,6
knüpfen,1
hinten,4
blicken,2
Wasserturm,1
beneiden,2
zusehen,2
Störfaktor,1
immerhin,5
anonym,1
Unterhaltung,1
Sitzbank,4
Unterstand,4
Zusammenarbeit,3
Finanzmittel,1
aufweichen,1
angesehen,1
Riß,3
erzeugen,5
benutzt,17
Heizung,3
herunterfahren,1
lüften,1
Witz,5
Geringere,1
stabil,4
hell,3
blendend,1
unbeleuchtet,1
Jogger,4
Geschichte,8
verändert,8
vornehmlich,1
eingrenzen,1
mittels,3
Erfahrung,8
Höhere,2
Problemlage,1
horrend,1
Teppich,3
ausrollen,1
verleiten,1
wirksam,3
fordern,3
Teilabschnitt,1
übertrieben,1
Feste,3
mobil,24
beschränken,3
wirkungsvoll,1
Geldbuße,1
zuletzt,5
Maßstab,1
Ostfriesland,1
sukzessiv,1
Ballungsgebiet,1
angefangen,1
Hintergrund,4
Tatsache,2
wohingegen,2
bestenfalls,1
berührt,1
Reaktionszeit,1
Verkehrsschild,3
abstimmen,2
Lastwagen,1
Schallwelle,1
auffällig,2
explizit,1
unterschätzen,1
trist,4
eintönig,1
Einfluß,1
Schulhof,1
vielfältig,7
Pause,3
Vogel,15
Eichhörnchen,1
einziehen,3
blühend,4
nützlich,2
Biene,4
Insekt,5
Futter,2
säubern,1
Wohnzimmer,2
dezent,2
nennen,4
Tolle,2
Grab,1
Arme,1
permanent,5
kreuzen,6
ungerecht,5
Sieger,1
Wettbewerb,10
anordnen,4
vermeidbar,2
Soziale,9
Frieden,2
Verteilung,6
Spannung,2
Konzentration,2
forcieren,1
Schikane,3
Unsicherheit,1
kontrollieren,1
Dicke,1
fett,1
versperren,8
Tisch,20
Toilette,6
Lebensmittel,6
Größere,1
mieten,2
Häßlichkeit,1
nebst,1
erschlossen,2
Typ,1
funktional,2
Nebenraum,2
Tribüne,6
Veranstaltungsort,1
Sporthalle,7
genial,2
Wand,6
enthalten,6
Sport,15
Sportstätte,40
Hallenbad,2
umfangreich,4
Denken,3
beginnen,6
benannt,1
verknüpft,2
erstrecken,3
eingebunden,3
Georg,6
andenken,4
bewegen,12
verbergen,2
wobei,5
Süd,8
wohlhabend,1
Konzeption,1
weiterentwickelt,1
Rundweg,4
Stadtbild,4
adäquat,6
binden,1
Sturm,1
entsorgen,2
verordnet,1
Fehler,7
Zäsur,1
Gegenargument,1
elegant,1
wandern,2
Querschnitt,1
Korridor,3
Waldstück,2
Dschungel,2
Barriere,5
emittieren,1
irgendwelche,1
stillen,1
Schlagwort,1
Überleben,2
kämpfend,1
hinziehen,1
meiden,4
schätzen,3
inner,6
abspielen,1
vermindern,2
Leitidee,1
außergewöhnlich,2
niemals,2
Volkspark,8
mustergültig,1
quasi,11
ästhetisch,4
Klotz,3
Kubus,1
existieren,3
Denkmal,1
begehbar,6
intensivieren,1
sehenswert,1
beid,2
Altersgruppe,5
Erschütterung,2
Nachtbus,1
diesmal,2
Datei,1
vergegenwärtigen,2
ortsfremd,2
Wegenetz,1
Nachwuchs,1
schieben,2
Slalom,2
Schiffsverkehr,4
absetzen,1
Taxi,6
Russe,1
Deutsche,1
Bock,1
Eishockey,1
Team,2
verpassen,4
Verkehrsfläche,3
mildern,2
initiieren,3
Bündnis,2
mangels,3
befriedigend,1
Hohlweg,4
entschärfen,5
Betreiber,6
Restauration,1
weiß,8
querenden,4
Kreisel,8
vollziehen,1
wiederkehrend,3
Wahl,10
besitzen,8
intensiv,10
Wintergarten,1
überzeugt,2
Zusammenspiel,1
Prozent,6
Bauherr,7
geprägt,3
Hausboot,3
Stand,5
ausdrücken,1
Wohnform,2
Kontrast,1
Solarzelle,1
erschüttern,1
beben,1
Unebenheit,1
beheben,3
heimisch,6
auskommen,1
locker,3
Partei,1
worauf,1
verrückt,1
Hochspannungsleitung,2
Leitung,2
unregelmäßig,1
gesetzlich,1
elektromagnetisch,1
abnehmen,4
Vorgabe,7
besteuern,1
Hospiz,2
Entfernung,5
Kauf,2
Stamm,1
deponiert,1
klettern,2
lieben,2
Baumstamm,2
mähen,2
trauen,5
blind,2
Spaß,9
unfair,1
sandig,1
mannshohe,1
Unmenge,2
Zecke,1
Same,1
Ohr,1
auslösen,1
anerkennen,1
Positive,1
eingezäunt,2
träge,3
Tüte,3
verkehrt,2
zurücknehmen,1
preiswert,4
persönlich,7
Generation,7
schuldig,1
Sack,1
Tonne,6
Porsche,2
Presse,2
illegal,2
verfolgen,2
mitbekommen,1
verengen,1
fließen,11
Ferne,1
Ticket,6
Alptraum,1
einsehbar,7
verstärkt,6
hundert,2
ausmachen,4
Laterne,1
Gesellschaft,8
angekommen,1
Stufe,5
Eingangsbereich,3
behindertengerecht,4
umgehen,7
Ausschreibung,1
variabel,1
hinreichend,2
erstellt,8
Fantasie,2
herausfordern,1
herausbilden,1
jahrzehntelang,2
Rennstrecke,6
wenigst,1
niederlassen,1
Auswärtige,1
gelernt,3
Kraut,10
Gemüse,3
Obstbaum,9
handwerklich,3
Kenntnis,2
aneignen,1
Brunnen,9
Lebensform,2
erproben,1
kooperativ,1
massig,1
Boot,3
Treppe,17
Gesetz,2
verpflichtend,5
Solaranlage,4
perfekt,5
Jugendeinrichtung,2
Jugendzentrum,1
Kaiser,1
Lieferant,2
Notarzt,1
Film,2
Leinwand,2
Tochterunternehmen,1
Möbel,1
Buch,5
Filiale,5
Inserat,1
aufgeben,3
Schließung,3
Kernpunkt,1
Übernahme,1
durchgeführt,7
erzielen,6
Allianz,1
zusammengeschlossen,1
jeweilig,9
befüllen,1
Aufkleber,2
Türe,3
Bistro,1
einsparen,3
romantisch,1
aufgegeben,3
Umsatz,1
generieren,2
Kulturzentrum,3
aufwerten,5
Gewicht,1
anmerken,2
gravierend,4
streichen,2
umnutzen,3
Befindlichkeit,1
Besonderheit,1
Konfrontation,1
Stück,11
50er,2
Wachstum,4
verstehen,6
betreiben,6
New,3
York,2
betoniert,1
Haupteingang,4
hierdurch,1
Steuerung,1
Zufahrt,6
Ortschaft,1
Autohaus,1
belegt,5
Freigabe,4
locken,2
ersticken,3
zusammenhängend,4
Mecklenburg,3
Bundesland,2
Subvention,1
Anachronismus,1
Neubürger,1
Nachteil,4
lebend,4
seltsam,2
indirekt,3
geringfügig,2
ausgehend,1
ermittelt,1
Fragestellung,1
Untersuchung,3
anlocken,3
Quote,2
unterordnen,1
dichten,3
beiderseits,1
abgehend,2
erschließen,3
fürs,4
zusammenlegen,1
Enteignung,1
geballt,1
eingekesselt,1
konterkarieren,2
Fuge,1
Relation,3
formuliert,1
Umweltbelastung,3
Einsatzfahrzeug,2
erobern,1
verdrängt,4
zurückerobern,1
Randstein,2
abkaufen,2
Radrennen,1
gnadenlos,1
Argument,3
geschrieben,3
wiederholen,2
Zwang,3
plausibel,1
Wille,2
stammend,1
bemerkenswert,2
Geometrie,1
Sequenz,1
Widerstand,2
weitergehend,1
konzipiert,2
angegriffen,1
Landschaftsschutzgebiet,2
empfehlen,3
anfallen,1
befördert,1
verfrachten,1
Handwerker,5
bewohnt,4
induziert,1
Überquerung,3
bundesweit,1
Wohnumfeld,3
Ausfahrt,9
sanieren,3
wiederhergestellt,1
abschaffen,3
großartig,2
bestimmt,9
Kinderarzt,2
Hausarzt,2
Facharzt,1
Kid,1
klasse,1
heranführen,2
inhaltlich,3
ursprünglich,6
systematisch,2
Bürgerentscheid,1
Zweirad,1
Transport,4
Kindergeburtstag,3
Registrierung,1
ausgeliehen,2
stand,1
Antiquariat,1
Kreisstraße,1
klassifiziert,2
Belegung,1
ausschildern,1
Toronto,1
Musikschule,1
staatlich,1
selbständig,1
Lehrer,2
thematisch,2
geschichtlich,3
anpflanzen,4
Private,3
Ausmaß,2
suchen,8
exklusiv,4
Quadratmeter,3
pachten,1
Hase,2
Igel,1
Kleinkraftrad,3
elektrisch,2
Kraftfahrzeug,2
ordnungsgemäß,1
lebensgefährlich,5
geboten,4
verwirklichen,3
angestrebt,1
Satteldach,1
Backstein,1
betrachtet,6
Lebenszyklus,1
Baustoff,1
Herz,2
Wassertank,1
bewiesen,2
Schumacher,1
zubauen,1
verstanden,3
Beratung,2
unterschieden,1
muten,1
Rebellion,1
Schulung,2
Service,7
Leitstelle,1
begegnet,1
Klimawandel,2
Handlungsfeld,1
Status,4
Fortschritt,1
Handlung,1
Akteur,3
verdeutlichen,3
Bewohnerin,4
herauskommen,1
Umstellung,1
langanhaltend,1
strukturell,2
Reiz,3
erleichtert,3
Wohnungsbaugenossenschaft,1
Vermieter,4
Vergabe,3
Baugrundstück,1
Zweifamilienhaus,1
deckeln,1
instabil,1
Mißerfolg,1
empirisch,1
Beweis,1
hinzufügen,4
Schaden,6
ablassen,1
verbringen,4
ausgeliefert,1
Platzbedarf,2
Lösungsmöglichkeit,1
optional,1
Präsentation,5
Rückzug,2
streckenweise,2
einschränken,7
bedeutender,1
Atmosphäre,5
Geräusch,2
vorherrschen,1
Donnerstag,1
Öffnungszeit,1
Stellfläche,1
Gasse,1
utopisch,1
Installation,6
Überlegung,2
diskutiert,3
Graben,1
Neuanlage,1
Zufahrtsstraße,4
abriegeln,1
falls,8
Unruhe,1
konzentrieren,3
keineswegs,2
untereinander,5
Albaner,1
hängen,3
deutsch,8
wirtschaftlich,2
Vorurteil,1
ausdrücklich,3
ernähren,1
Verpackungsmaterial,1
Plastik,4
schmeißen,1
sperren,1
erreicht,1
Großbaustelle,3
übertragen,4
kostenfrei,9
Kranke,1
vereinfachen,2
einsehen,1
Schumann,2
sinnlos,2
Schiff,18
Fußgängerbrücke,2
asymmetrisch,1
Werbetafel,1
akzeptabel,3
störend,3
gefallen,5
verkleinern,3
Umlaufzeit,1
strömen,1
zwischendurch,3
künstlerisch,5
Betrag,2
Motto,5
Galerie,5
Morgenland,1
kontinuierlich,3
Fachwerkhaus,2
Landwirtschaft,2
Kulturraum,1
Landleben,1
stationär,2
Verbrennungsmotor,1
Zeitpunkt,4
ergründen,1
woran,1
Naherholungsgebiet,5
anschließen,5
ansteigen,3
geschätzt,7
Marschland,1
Vergrößerung,1
cruisen,2
Anlegestelle,1
Passagier,3
abfertigen,2
initiativ,5
Innovation,3
anliegen,2
circa,1
Generator,1
abgeschaltet,1
giftig,2
Reh,4
Fuchs,1
Reptil,1
Vorgehen,2
getragen,4
Komfort,2
Aufteilung,4
Landung,1
Start,3
Flugverkehr,3
Anstrengung,3
grenzen,7
Zukünftige,2
Erwerb,1
entfliehen,1
Verkehrsachse,6
Richtlinie,4
tags,2
Tour,3
danken,6
transparent,7
zähmen,1
unterhalb,5
Zusammenhang,2
Güterverkehr,1
Güterzug,2
passiv,1
Tür,2
belastet,4
seelisch,1
materiell,1
Bahnstrecke,3
Gleisdreieck,2
überfordern,3
Bauen,5
behalten,2
Betroffene,2
Blatt,4
Lautstärke,2
Mietshaus,1
spanisch,1
Drogenhandel,2
Konsum,2
Verkauf,5
Droge,1
unternehmen,4
Tip,2
verweisen,7
Drogendealer,1
Messer,1
Rücken,2
Kugel,2
Benachrichtigung,1
Einschlag,1
lebensfeindlich,1
U-Bahnlinie,2
überspannen,1
umsiedeln,2
ereignen,1
durchquert,4
Lebensmittelgeschäft,1
wegwerfen,2
Biotop,2
Kantine,1
ehrenamtlich,2
klappen,2
unglücklich,2
begeben,2
einordnen,1
anliefern,1
Bauvorhaben,1
Rutsch,11
Schweizer,2
jugendlich,2
erwachsen,7
Teilnehmer,12
phantastisch,2
zerteilen,1
Tangente,1
Kiel,4
kostenpflichtig,4
kombiniert,5
Anstieg,4
erfüllen,2
technisch,6
lückenlos,2
Schutzwall,1
sachlich,1
respektiert,1
ergänzt,2
Stickoxid,1
beschädigt,1
Verleihung,1
aufmerksam,4
produziert,2
Verpflichtung,1
längst,3
Kindertagesstätte,1
finanziert,3
Bandbreite,2
Zielgruppe,8
Baumaßnahme,6
bestechen,1
Investor,4
oberflächennah,1
Mulde,1
zurückgehalten,1
Einzelne,2
Bach,3
irreführend,1
eingezeichnet,1
Tennisplatz,4
Victoria,2
raumgreifend,2
umgangssprachlich,1
bezeichnet,2
rücken,6
Spielgerät,3
weich,6
rammen,1
wieviel,1
zumuten,3
Reduktion,5
schrecklich,1
Mentalität,1
bewerkstelligen,1
Band,8
ausgenommen,1
Kellerraum,1
vereist,1
Stockholm,3
brauchbar,3
angesteuert,1
Arbeitsstätte,1
vertretbar,1
einerseits,3
Hausbesitzer,1
ausgeben,3
Motorradfahrer,3
Lösungsvorschlag,1
Flachdach,1
Naturpark,1
Bienenstock,1
versickern,1
Anpflanzung,1
Verkleinerung,3
Beziehung,2
vorrangig,6
solar,2
informiert,2
Netzbetreiber,1
Holzbau,3
sparen,4
Abgabe,1
Stromnetz,1
geladen,1
plus,4
Theater,8
übergroß,2
Abendstunde,2
abschreckend,1
Mülltonne,4
Begründung,5
herabsetzen,1
Berliner,15
Schlüssel,3
vorgestellt,5
Erhöhung,1
verwehren,1
Maschine,1
kennzeichnen,3
Untergeschoß,2
Obergeschoß,1
Sportverein,9
zweit,2
geschoben,2
beleuchtet,4
Ideal,5
vollwertig,1
erhaben,1
praktiziert,3
unzureichend,3
ober,4
Zoo,2
eingehalten,5
still,2
Patenschaft,7
Griff,1
verabschiedet,1
andernfalls,1
künstlich,2
naturbelassen,6
einschließlich,1
Quelle,4
verfolgt,3
Anschauung,1
rückläufig,1
fokussieren,1
abgebildet,3
zukunftsorientiert,2
umweltgerecht,1
definieren,4
Verschiedene,1
Baustein,1
Filter,2
denkmalgeschützt,3
Belang,1
moderat,1
Dachboden,1
Einsparung,2
Energieträger,1
Sensor,2
Verbrauch,1
überwacht,1
Brenner,1
verbrauchen,3
eingreifen,1
Gottesdienst,1
islamisch,2
beten,1
Gebetsraum,1
Marion,1
Koch,1
aufgezeigt,1
Erscheinen,1
versprechen,1
Vertrag,1
Verband,4
objektiv,2
afrikanisch,1
beengt,3
Renovierung,2
Marokkaner,1
wachsen,7
Einzugsgebiet,2
Nordosten,3
schiitisch,1
Libanese,1
zurückgeben,1
rosa,1
kreisen,1
strategisch,2
platzsparend,2
Entsorgung,4
Ortsteil,1
Front,2
verpachtet,2
verfallen,1
konzentriert,3
Arbeitskollege,1
Oldtimer,1
Blockheizkraftwerk,1
Überdachung,6
Wandel,2
Wohnfläche,4
umsichtig,1
nachfolgend,3
hinterfragen,2
Wirtschaftsfaktor,1
Genehmigung,1
Arbeitsverhältnis,1
Urlaub,3
respektieren,1
Geldautomat,2
Nutz,1
unberührt,1
nirgendwo,1
Umstand,3
vergehen,1
umrahmt,1
Reiter,1
tätigen,1
fruchtbar,1
Greifvogel,1
unfruchtbar,1
bewohnen,1
planieren,1
Hinweistafel,2
mitgeführt,1
weitgehend,5
brütend,1
toben,1
unterentwickelt,1
geschult,1
Personal,3
Ansprechpartner,3
ausgeglichen,1
gekommen,5
abgebrochen,1
Grundfläche,1
Wolkenkratzer,1
herkömmlich,2
experimentell,1
Wohnhochhaus,2
Lokal,3
erstmal,3
Wahlkampf,1
erfreulich,1
Diskurs,1
anstreben,2
Gelenkbus,1
Tierpark,6
Tal,2
Sportpark,1
Sportler,14
durchlässig,1
stammen,2
Singapur,1
Bauwerk,2
Wildbiene,3
Brachfläche,1
Wohnviertel,6
verbannen,2
Straßenbahn,4
Anlaufpunkt,5
Querverbindung,3
Hauptbahnhof,11
idealerweise,5
renommiert,1
Bürgerinitiative,3
Gutachter,1
anderenfalls,1
abbremsen,1
gesundheitlich,2
vorliegen,1
einreihen,1
Versammlungsraum,1
Laut,2
Kilometer,3
Cent,3
Absatz,1
Wohnheim,1
familienfreundlich,2
zufrieden,5
Anpassung,3
Parkbank,2
zurücklassen,1
Bachlauf,2
schützenswert,1
begrenzt,6
Werbefläche,1
überwinden,2
großflächig,4
unterbleiben,1
tragbar,1
Grünland,1
rufen,2
Nummernschild,1
unendlich,1
ernten,4
Infotafel,5
fürchterlich,1
vorangehen,1
aussteigen,2
verdient,4
Baumarkt,1
überlagert,1
Anlaufstelle,2
Verkehrsknotenpunkt,3
Gefälle,6
gewaltig,3
unzugänglich,1
zusammenfassen,3
gestärkt,3
verschwenden,2
sorgsam,1
Sicherung,3
Größenordnung,3
ausfallen,1
schmerzlich,2
Umfang,1
Spezielle,1
rechtlich,2
Bindung,2
spielend,1
Nürnberg,2
70er,6
diagonal,2
seinerzeit,1
hügelig,1
punktuell,1
vorbehalten,3
aufhalten,7
Bahnstation,1
vertreten,1
behördlich,1
Post,4
umrunden,2
waagerecht,1
runden,2
Halt,2
Einzug,1
Interessent,1
vertrieben,1
ausgerüstet,1
Trinkwasser,2
benutzbar,1
auffüllen,3
Flasche,2
Gewässer,12
nordöstlich,2
Einigung,1
Grundeigentümer,2
bündeln,1
Nager,1
Zivilisation,1
Schaffen,3
denkend,1
Riese,1
praktizieren,2
fangen,2
frisch,2
Regierungsgebäude,1
durchbrechen,2
Schiene,2
Außenbezirk,1
bewerben,2
gesteigert,3
mangeln,2
überteuert,1
Architekt,4
Städtebau,2
abwechselnd,1
nützen,3
geworfen,2
Stromabnehmer,1
Oberleitung,2
freimachen,1
Präferenz,3
Ausgang,4
Umsteigemöglichkeit,1
Sprung,7
anwenden,1
Erläuterung,4
unnütz,1
belieben,1
Pflanzenart,2
Teich,11
Freizeitaktivität,4
unüblich,1
berichten,1
vorläufig,1
Broschüre,1
Fehlverhalten,1
hinnehmen,2
gelobt,1
einladend,1
tätig,1
lahm,1
Ente,2
spät,10
Klischee,1
zentrumsnah,1
Aushängeschild,2
Fahrbahnmarkierung,2
stolpern,1
hochstehend,1
Okay,1
blau,2
botanisch,1
exponiert,2
beschränkt,2
unschön,2
verwinkelt,2
befassen,1
Abzweigung,1
Paket,2
Elite,1
Stopp,1
heruntergekommen,2
enteignen,1
Brache,1
Krankheit,1
Grundrecht,1
Wegfall,1
bewirtschaften,1
Nutzungsrecht,1
versteigern,1
Minderheit,1
tausend,1
unbewegt,1
Standplatz,1
verlangt,1
ergattern,1
verschulden,1
Feuerwehrfahrzeug,1
wiederherstellen,1
antasten,1
Ruhezone,5
werdend,2
umfassen,1
verfügen,2
zukunftsweisend,4
identifizieren,4
erwiesen,1
Spielraum,2
differenziert,2
Pionier,1
eingebaut,2
belegen,2
Europa,1
gliedern,1
Aufzug,2
Laubengang,2
Hauptverkehrsader,2
obdachlos,1
Dachterrasse,1
Norddeutschland,1
Sanitärraum,1
Lüftungsanlage,1
thermisch,1
angefallen,2
traurig,2
Burgunder,1
umfassend,2
mobilisieren,1
begonnen,2
projektiert,1
überproportional,2
verstopfen,2
Aachen,1
Windkraftanlage,1
zuerkennen,1
schmucklos,1
Frühjahr,2
Tulpe,1
blühen,2
Ideologie,1
weiterführen,1
skandalös,1
Ladenlokal,1
food,1
gewohnt,3
Arte,1
warm,3
erahnen,1
Polizeistation,2
zuverlässig,1
besetzen,3
Mitmensch,1
Bürgermeister,7
vermitteln,5
aufwendig,4
Sicherheitsbestimmung,1
subventionieren,1
mittelständisch,2
Ausweis,1
Werktag,1
verwarnen,1
stürmen,1
Areal,6
benennen,2
erträglich,1
November,2
zwischenzeitlich,1
zeichnen,1
Fortsetzung,1
Einschätzung,1
leuchten,3
Erwartung,1
Richtungsfahrbahn,1
motivieren,4
Autofahrt,1
stellenweise,3
arg,2
mitgenommen,1
Robert,1
Satz,1
weiterführend,2
schikanieren,1
Glied,1
benehmen,1
erinnern,8
Schulterblatt,1
dünn,2
flach,2
Anhänger,2
Strand,9
verstellen,1
üben,4
Radroute,1
entspannt,1
Schwelle,2
Rentner,3
Richtige,1
Baustelle,3
Absperrung,4
absichern,1
Streitigkeit,1
verteuern,2
Motor,2
aufgreifen,4
Abstimmung,4
willkommen,2
spornen,1
waghalsig,1
abtrennen,1
farblich,1
beschimpfen,1
Eimer,1
Farbe,14
modernisiert,2
zweitrangig,1
baufällig,1
notfalls,1
ausbessern,1
umfunktionieren,3
zuwachsen,1
separat,6
legal,2
rückwärts,1
Übersicht,4
Ausbildung,3
benachteiligt,2
ideologisch,1
rot-grün,1
zustehen,1
veröffentlichen,3
amtlich,1
geordnet,1
sanierungsbedürftig,1
Plateau,1
häuslich,1
anwachsen,1
unverändert,3
raum,2
beschäftigen,2
Stadtverkehr,1
Rechnung,1
hinweisen,4
Umweltschutz,1
mitgebracht,3
Vorreiter,1
Green,1
deutschlandweit,2
beitreten,1
mitmachen,4
angebaut,3
Produkt,5
konventionell,3
Kante,1
Abschluß,1
Einleitung,7
widerrechtlich,2
kürzlich,2
Wasserspiegel,1
hoheitlich,2
unnatürlich,1
gestreckt,3
naturnah,1
herumführen,2
Fließgewässer,3
Bekenntnis,1
loben,1
Highlight,2
Mitspracherecht,1
begleitend,1
Mitgliederversammlung,1
pflegen,5
Hinterrad,1
Sehbehinderte,2
Roman,1
Engagement,2
zurückziehen,1
Randgruppe,1
uralt,1
kurvenreich,3
Brack,1
unschätzbar,2
Eigenart,1
Aufruf,1
Brille,1
routiniert,1
Blinde,3
Handeln,3
Strauß,1
mitnutzen,3
Individuelle,1
Zugewinn,1
traumhaft,1
geöffnet,1
Koalition,1
vorig,1
hineintragen,1
gebracht,4
Aufgang,1
eskalieren,1
abschließbar,1
verläßlich,1
zutrauen,1
jagen,1
Schnellbahn,2
ergänzend,3
manch,2
verdecken,2
schadhaft,1
Oberfläche,3
Untersuchungsergebnis,1
Wasserhaushalt,1
Wirkung,5
Äußere,3
Zeiteinheit,1
Arbeitsamt,1
Vertiefung,3
durchfließen,1
Schacht,1
drosseln,1
eingeleitet,2
bereitstehen,1
Schulgelände,2
beaufschlagen,1
thematisiert,1
vorübergehend,3
eingehen,1
einleiten,2
grob,3
Mio,13
Ausbaustufe,1
hergerichtet,4
Erreichen,1
Grobe,1
Umfrage,2
zufällig,2
sammeln,2
wozu,2
Beschäftigte,2
ungebührlich,1
Vorbau,2
Straßenabschnitt,3
reizen,1
konstruieren,1
Boeing,1
bestellen,1
Schnellstraße,2
therapeutisch,1
Strukturproblem,1
beurteilt,2
Ehrenamtliche,2
rückblickend,1
Beginn,5
neuerlich,1
ansehen,1
Personenkreis,2
90er,1
Nutzungsart,1
Teilbereich,1
Ausnahmegenehmigung,1
Nachbargemeinde,1
schriftlich,2
Nachfolger,1
Stadtgrenze,2
umwidmen,2
unterkommen,1
zusammenfassend,1
Nadel,1
gestrickt,1
betriebswirtschaftlich,1
außerordentlich,1
auffordern,1
Einwendung,1
anrichten,1
erstrebenswert,2
vorteilhaft,1
Beste,3
gelenkt,1
skizzieren,1
vorbereitet,1
Kleidungsstück,1
Maximum,1
empfunden,1
zugezogen,2
Paragraph,1
Kasse,1
bessern,1
Schulgebäude,1
zurückkehren,1
Wohnprojekt,7
überregional,1
übergeben,3
aufklären,1
60er,1
verweigert,1
Außenanlage,1
Vereinsleben,1
reaktivieren,2
Lenker,1
verteidigen,1
Seilbahn,11
Attraktion,6
real,4
professionell,1
Zitat,1
Ar,1
korrekt,1
Spiegel,1
Helm,1
malen,3
bewachen,1
zeitaufwendig,1
beispielhaft,3
Dublin,1
Transporter,1
Genuß,1
gestern,1
veraltet,3
angesagt,1
geräumig,2
entgegengesetzt,1
Stahlseil,1
Schwede,2
Standardsituation,1
wartend,2
beklagen,1
mitzählen,1
Schwerverletzte,1
Terroranschlag,1
Faktum,2
emotional,2
ausblenden,1
wider,1
Alkohol,1
Steuer,6
durchführen,4
steril,1
definitiv,1
weißen,3
Bodenbelag,2
Verwirrung,1
bezüglich,2
Beschilderung,6
verrostet,1
Straßenschild,1
überflüssig,3
gewöhnlich,1
Baugrund,1
trampeln,1
sonderlich,1
erbärmlich,1
Hinweisschild,1
evaluieren,1
umsonst,4
Schulbau,1
vermieten,1
Förderprogramm,2
solidarisch,2
anhören,1
beachtlich,1
organisiert,1
kulinarisch,1
ambitioniert,2
Aufstellung,2
vorschlagen,2
beantragt,1
ethnisch,1
religiös,1
Zusammenhalt,2
grundlegend,5
siebziger,2
geholt,3
Turm,5
variieren,1
Spazierweg,1
eingerahmt,3
begründet,1
gefühlt,2
Austausch,5
Hirte,1
befragt,1
Spielfläche,2
rutschen,2
Sportzentrum,1
sportlich,6
betätigen,1
boomen,1
einwenden,1
Mögliche,2
Variante,1
rückwärtig,1
Stadtplaner,6
Fußballfeld,2
Fußballverein,1
Ganztagsschule,1
konkurrieren,1
Zeitfenster,1
Experte,2
pädagogisch,2
Sportangebot,3
eineinhalb,1
auswärts,1
kristallisieren,2
verheerend,1
Umstrukturierung,1
All,2
Einzelmaßnahme,1
einreichen,2
umstellen,1
ausleihen,3
bestücken,1
bellen,1
Hauptstrecke,1
untergeordnet,1
verwalten,1
abgeschnitten,1
ausgebildet,1
beschönigen,1
Kaufhaus,2
Hof,2
vernachlässigt,1
desolat,1
stocken,1
führend,1
Kleinstadt,1
privilegiert,1
Starke,1
angestiegen,1
Bücherei,1
geändert,1
bekennen,3
Dieselfahrzeug,1
freigeworden,1
Verzögerung,1
Vorhaben,3
schwinden,1
Großstadt,2
unbedacht,1
befreit,1
Verbindungsstraße,1
qualifizieren,2
Universität,3
Wolfgang,2
festhalten,2
dominiert,1
unwirtlich,1
herzlich,2
Glückwunsch,1
Null,1
erdenklich,1
Übel,1
Begegnung,4
schreien,1
Kleinigkeit,2
Symbol,2
auslaufen,1
Epoche,1
menschenverachtend,1
Zweck,2
gewährt,1
geblieben,1
reif,1
durchgesetzt,2
Kamera,2
amortisieren,1
Grundstückspreis,1
populär,1
Tourist,11
Schautafel,2
verreisen,1
hingegen,3
gekauft,1
Benzin,1
erschaffen,1
Respekt,1
plaziert,1
gestatten,2
vorab,4
sofortig,1
Zeitabstand,1
stabilisieren,1
Oma,1
erwischen,1
rasend,1
Verkürzung,1
zweigen,1
Bahnhofstraße,1
Sprache,4
plädieren,1
Seniorenheim,1
Krankenhaus,2
digital,5
Andrang,1
abgeleitet,2
Workshop,8
kindlich,1
abschotten,1
egoistisch,2
Strang,1
Weihnachtsmarkt,1
Zeitung,2
angekündigt,1
mehrmals,1
einfahren,1
Außenstelle,1
präsent,1
nunmehr,1
Bürofläche,1
Torhaus,1
Tram,1
Sammeltaxi,1
womit,1
weltweit,1
Schlagzeile,1
gemalt,1
aufmalen,1
bemessen,1
Strafe,1
Lebenszeit,1
U-Bahn-Netz,1
leistungsschwach,1
München,6
Köln,2
Frankfurt,2
Demonstration,1
Verspätung,1
takten,1
U-Bahn-Linie,1
Austritt,1
Einbruch,1
abhängig,3
diskutieren,2
Stadtbus,1
Kosteneinsparung,1
absenken,1
überirdisch,1
windgeschützt,1
Kleid,1
umrüsten,1
Arm,1
minimal,4
beanspruchen,2
sonntags,1
Körperverletzung,1
Verletzung,1
Wechsel,1
diffus,1
unterteilen,2
Zuwachs,2
panisch,1
Protest,2
abkürzen,1
mehrheitlich,1
Beschluß,2
weiterleiten,1
Müllverbrennungsanlage,3
Ausland,1
Schwermetall,1
Dioxin,1
fair,3
lenken,2
lärmend,1
diskriminierend,1
Kabine,1
unterstreichen,1
Aufenthalt,5
Sumpf,1
Schülerin,1
belastbar,1
rauh,1
anhaltend,1
belanglos,1
äußern,1
rundherum,1
Ablehnung,1
Baufirma,3
Finger,1
Hochbau,1
Weite,1
unansehnlich,1
abschüssig,2
auftauchen,1
verwirrend,1
heil,1
sämtlich,1
erschweren,2
Verstopfung,1
geregelt,3
rückseitig,1
protestieren,1
vermessen,1
gönnen,1
eindringlich,1
ärztlich,1
antreffen,1
Dorfstraße,1
Beruf,1
Wohnbezirk,1
ausgesetzt,2
ausgleichend,1
ungewollt,1
lesbar,1
Münster,1
Hebel,1
Verkehrsregel,1
scharf,1
organisieren,11
interaktiv,4
überwachen,3
abgetragen,1
verstopft,1
Verkehrsstraße,1
infolge,2
hektisch,1
überbrücken,2
Horror,1
drängend,1
Ortskenntnis,1
Kindergartenkind,1
rennen,1
Magnet,2
übergreifend,1
Bundesregierung,1
hierhin,1
Blech,1
Containerschiff,2
Rauchen,1
befristet,1
Ärgernis,1
Neubaumaßnahme,1
Golfplatz,2
zementieren,1
unverzüglich,1
gegenläufig,1
Immobilie,2
Netzwerk,1
reguliert,1
aufgestockt,1
Rettungseinsatz,1
erkannt,3
Vorschrift,1
Schutzziel,1
marginal,1
Gleichgewicht,2
Gemüt,1
vertikal,1
gefiltert,1
auszeichnen,1
lichtdurchflutet,1
Mixtur,1
Räumlichkeit,2
Kurs,2
Volkshochschule,1
geschnitten,1
Gans,2
Neugründung,1
Sportgerät,6
Senkung,1
durchbrochen,1
provozieren,1
abschrecken,1
bange,1
begründen,2
rückständig,1
Pflasterstein,1
eingelassen,3
langweilig,3
Resident,1
Lichtung,1
Erklärung,1
stinken,4
Anrecht,1
erklärt,2
bestreiten,1
Entschädigung,1
beruflich,2
Ableitung,1
Stadtquartier,1
Interessierte,4
Schwimmen,3
beibringen,1
werfen,1
Reparatur,2
winken,1
befeuern,2
Apartment,1
antworten,1
Durchschnitt,1
nachvollziehen,1
Aufbau,1
gesellschaftlich,2
Spaltung,2
Gedankengut,1
mittragen,1
Düne,1
Haltung,2
Verstehen,1
verdammen,1
kippen,2
Himmel,4
Schönheit,1
sprengen,1
Dienstleistung,1
Internist,1
physiologisch,1
unbefriedigend,1
Altstadt,1
Alp,1
zollen,1
ungeahnt,1
Wirkungsmechanismen,1
herkommen,1
Bauarbeiter,1
Tasche,1
überschaubar,2
hindern,1
anheizen,1
voraussichtlich,1
Gewinner,2
ziehend,1
Hunderttausend,1
erläutert,2
Schleswig-Holstein,1
Niedersachsen,2
vereinigen,2
Werbung,8
Aufenthaltsraum,1
landschaftlich,1
bedeutsam,1
seitlich,1
positioniert,1
verbannt,1
entzerren,1
Alternativroute,1
einatmen,1
glatt,3
Belag,2
separiert,1
Verkehrsverbindung,2
transportieren,2
ausführlich,1
detailliert,3
entgegenkommen,1
einsam,2
Nahrungsquelle,1
öde,1
Liegefläche,3
Wild,3
Ausflug,1
Gefahrensituation,1
prekär,1
Zugangsmöglichkeit,1
Zeitraum,4
allgegenwärtig,1
reserviert,2
komplex,1
fliehen,1
Fischer,1
experimentieren,1
mutmaßlich,1
gemäßigt,1
Tante,1
Emma,1
planerisch,1
Waldhaus,1
geleistet,2
Handicap,1
Interessengruppe,1
Verhaltensänderung,1
absichtlich,1
gestrichelt,1
Schutzzone,1
Orange,1
zwanglos,1
bar,1
Ortskern,2
Ensemble,1
Moor,6
stilllegen,1
Kernaufgabe,1
sortieren,2
sortiert,1
eingespeist,1
antun,1
Schlag,1
Gesicht,1
vorangestellt,1
Leitbild,2
Frosch,1
Kröte,1
Population,1
Fledermaus,2
überleben,1
belüftet,1
Zoll,2
Nahrungsmittel,2
Entlassung,1
Pressemeldung,1
interessiert,1
aufgegriffen,1
Zeitalter,1
Fachleute,2
ausgerechnet,1
umkreisen,1
U-Bahnhof,2
dringlich,1
Kolonne,1
Souterrain,1
Turnhalle,1
Veranstaltungsraum,1
Alteingesessene,1
angepaßt,1
erfragen,1
Herbst,3
unerbittlich,1
zweckmäßig,1
halbieren,1
irgendeine,1
fortschreiten,1
verharren,1
Muster,1
mittags,1
ersichtlich,1
schnallen,1
Maler,1
verlangsamen,1
vorschnell,1
ordnen,2
arrogant,1
Arena,5
Fußballfan,1
Glasscherbe,1
Olympia,82
inwiefern,1
Weiterentwicklung,3
Spiel,22
symbolisch,1
extern,1
informell,1
Rückmeldung,2
darlegen,1
Laufende,1
Beirat,1
agieren,3
Dialog,1
Befürworter,1
Gegner,3
Auseinandersetzung,1
Feedback,1
aktiviert,3
olympisch,27
Format,1
Sportart,4
Sportfest,1
Aktionstag,2
Projektwoche,1
hervorrufen,1
Jüngere,3
informieren,3
Flugblatt,1
albanisch,1
verfügbar,1
Bewerbung,7
Drittmittel,1
Spender,2
Finanzierung,2
Sponsoring,1
Referendum,13
unbekannt,3
Entscheidungsgrundlage,1
Meinungsumfrage,1
Budget,4
Bund,3
Breitensport,4
Sturmflut,2
bereithalten,1
Sportboot,1
Ruderboot,1
Besucherzentrum,1
Sehenswürdigkeit,2
mehrsprachig,4
Fernsehen,2
Stadtplan,1
Darstellung,2
Durchsage,3
englisch,1
Bezeichnung,1
Finanz,1
kommunizieren,3
Anfrage,1
auffindbar,1
Zeitplan,2
anläßlich,2
national,2
Mitglied,3
Medienzentren,1
Zahlungsverkehr,1
Abhängigkeit,1
Visum,1
kritisieren,1
verhandeln,1
Funktionär,2
fröhlich,2
cool,2
Gartenschau,1
herausstellen,2
Lebensgefühl,1
aktivieren,1
Weltkulturerbe,1
Defizit,1
vermarkten,1
Heide,1
Lübeck,4
Schloß,3
Bezugspunkt,1
Menschenmasse,1
Zugverbindung,1
Airport,3
Ankunft,1
Fahrkarte,1
Peking,1
Medienvertreter,1
Streckennetz,1
Olympiapark,3
Stadion,23
infrastrukturell,1
kanalisiert,1
werben,1
Athlet,4
Wassersportart,1
vorgelagert,1
Feriengast,1
Ferienzeit,1
Extremsituation,1
Radius,1
Beförderung,1
Wasserweg,3
Kommission,1
Problematik,3
Entwicklungsmöglichkeit,1
bekunden,1
industriell,1
Main,3
pressen,1
Modul,1
zweifelhaft,1
Schuppen,3
Güterbahnhof,1
love,2
Parade,1
Duisburg,1
Kontrollfunktion,1
charmant,1
klimatisch,1
aufbrechen,1
Institution,1
Internationale,4
Position,2
Kandidatur,1
Fachverband,2
Hauptargument,1
anschauen,1
Aktivierung,1
Fluchtweg,1
Sicherheitsaspekt,1
Störfall,1
Sicherheitsstandard,1
Training,2
Sicherheitskraft,2
Sicherheitskontrolle,1
Body,1
Sicherheitsmaßnahme,1
Marathon,4
Gerechte,1
Sponsor,2
Wettkampf,5
Zelt,3
verunstalten,1
Centrum,1
Privatleute,1
Ruderer,2
Handball,5
ausgetragen,3
Partnerschaft,1
lösbar,1
bewertet,1
Schießstand,1
Glasgow,1
Schwimmer,1
Segler,1
Bootsklasse,1
Profi,1
Landesverband,1
Organisation,3
Gewerkschaft,1
zeitgleich,1
Baubetrieb,1
Fachwissen,1
inwieweit,1
zurückgreifen,1
powern,1
Lärmemission,1
Kreuzfahrt,1
Wind,1
Hotelzimmer,1
Vermittlung,1
Ferienwohnung,1
Studentenwohnung,1
Zertifizierung,1
Gastfamilie,1
gesprochen,2
Liegeplatz,2
Angabe,2
Wettstreit,1
Zuschlag,2
Elefant,1
flächig,1
aufschütten,1
klimatisiert,1
Loge,1
teilnehmen,3
Stuttgart,1
zielgerichtet,2
Unterhalt,1
schwimmen,3
Strömung,1
Leistungssport,1
Spitze,4
Verfassung,1
Kunst,3
erläutern,1
freiwillig,3
Multiplikator,1
Sportverband,1
Freiwillige,4
Helfer,3
vernetzen,1
Ausrede,1
Projektmanagement,1
Vortrag,2
präsentieren,5
Walter,1
Geist,1
transportiert,2
Podium,1
Sichtweise,1
Emotion,2
beauftragen,1
begeistern,1
Fernsehturm,1
wiedereröffnen,1
School,1
Athen,1
gläubig,1
Griechenland,2
Abfall,1
verkraften,1
sinnlich,2
Empfindung,1
sinken,1
Sondierung,1
Räumung,1
Altlast,1
beschaffen,1
überzeugend,1
Windenergieanlage,1
Strategie,1
weiterentwickeln,2
Großraum,1
Seitenwand,1
auskoppeln,1
Olympionike,1
Baumaterial,4
Primat,1
weiterverfolgen,1
sägen,1
Stillstand,1
verdrängen,3
Millionenbetrag,1
Arbeiter,1
Hanse,1
Seele,2
weiterleben,1
Hafenarbeiter,2
Unwahrheit,1
kompensieren,1
Terminal,3
Eintrittspreis,1
erwirtschaften,1
Schmiergeld,1
Skandal,1
Image,1
Mißbrauch,1
Steuergeld,2
Themenschwerpunkt,1
Leistung,2
Leistungssteigerung,1
Doping,1
Festlegung,1
Blickwinkel,4
eingeengt,1
zuschlagen,1
Abmessung,2
Fina,1
Weltmeisterschaft,2
Götze,1
Eintritt,1
abgesperrt,1
Springen,1
nieder,1
Verlierer,1
Rauchverbot,1
gestrichen,1
Freiheit,5
Bestechung,1
unterdurchschnittlich,1
Arbeitskraft,1
Beschäftigungsmöglichkeit,1
Langzeitarbeitslose,1
Ökonomie,2
Beschäftigung,2
Auftraggeber,1
unternehmerisch,1
Polizist,1
Hubschrauber,1
Scharfschütze,1
Terror,1
Sitz,2
Skizze,2
umlegen,1
wagen,1
Bahnsteig,3
Eröffnung,1
Messehalle,1
Halbfinale,1
Flensburg,2
Hannover,1
bleibend,1
südwestlich,1
Fundament,5
Getränk,2
zurückdrängen,1
Publikum,2
Brezel,1
Wein,1
nochmals,1
Anlaß,1
nuklear,1
Erbe,1
ausgedient,1
Mountainbike,8
Wettkampfstätte,1
Leistungszentrum,1
akkreditiert,2
Journalist,1
demnach,1
Harz,1
Tradition,1
Strandbad,1
Schützenbund,1
Meisterschaft,1
abbilden,1
trainieren,4
Mannschaft,2
Turnier,6
Dividende,1
existiert,1
Stehplatz,1
unterscheiden,3
Investition,1
Trainer,3
Betreuer,2
erwähnen,1
glaubhaft,1
schwimmend,2
Ringen,2
übernachten,1
Barkasse,1
Betreff,1
Stromausfall,1
streiken,1
Grube,1
weiten,2
Chipkarte,1
Tokio,1
Scheitern,1
Erlaubnis,2
Vorlage,2
Elektrofahrzeug,1
angezogen,1
forciert,1
steuern,2
andererseits,2
Urlauber,1
Ankunftszeit,1
eingegeben,1
Kontingent,1
Sonderzug,1
angesetzt,1
armselig,2
Schienenverkehr,1
Regionalverkehr,1
Kopfbahnhof,1
Spitzenzeit,1
entkernen,1
visuell,2
via,1
Begriff,2
Dreh,2
ertüchtigen,1
überdachen,1
andersfarbig,1
anhängen,1
redundant,1
ausrichten,2
Datum,1
aufheben,1
Plattform,9
festmachen,1
Dresden,1
offenlegen,1
geplatzt,1
Zeltplatz,1
Klang,1
Kalifornien,2
zugeteilt,1
Blume,4
Arbeiten,3
vervollständigen,2
Zelle,3
Material,6
gefertigt,3
computergestützt,1
Realität,1
organisch,1
Grundlage,4
Brennstoffzelle,1
Telefon,1
Einstieg,1
Historische,1
robust,1
Zusammenwirken,1
aufregend,1
Hammer,24
hinstellen,4
Tischtennisplatte,3
Pflegeeinrichtung,1
Pastor,1
Rezept,1
wohlschmeckend,1
gedeihen,1
Gärtner,1
unkonventionell,1
Hängematte,10
Wirkungsweise,1
Rezeptur,1
köstlich,1
Tee,2
zubereiten,1
Anleitung,2
Schulklasse,3
fachkundig,1
erhitzen,1
Wasserleitung,1
Becher,1
Kanne,1
mitbringen,4
Automat,2
Borgfeld,7
verausgaben,1
Rodelbahn,2
Figur,3
abkühlen,1
Wasserstelle,1
Wasserlauf,1
Live,1
Musik,5
Kennenlernen,2
abbrennen,1
Holzhütte,1
Campus,1
Lichtinstallation,2
voraussetzen,1
gesammelt,2
Biogasanlage,1
abgegeben,1
statisch,1
angezeigt,1
zugehörig,1
Stahl,5
Brettspiel,1
Liegenschaft,1
zweistellig,1
Proberaum,1
leitend,1
Sommermonat,2
musikalisch,2
Bühne,11
Betonfundament,1
Theateraufführung,2
Stilrichtung,1
Musiker,3
bedeutend,1
Kapitel,1
Wiederaufbau,1
Anwesen,1
aufbereitet,1
Erinnerung,2
Kunstobjekt,1
Lore,1
authentisch,1
inspirieren,1
Streuobstwiese,5
Klettern,4
Kleinste,1
Holz,11
altersgerecht,2
Lehne,2
Gartengerät,3
Sonnenuntergang,1
Massage,1
Sichtweite,1
aufbewahren,1
fungieren,1
Rückenlehne,1
Kies,1
entspannend,1
Fun,1
Part,1
Level,1
what,1
Picknick,2
ausgleichen,1
Verknüpfung,1
Künstler,4
Teheran,1
Schutzhütte,1
Schmetterling,1
pflanzlich,1
großformatig,1
Nische,1
Fotoausstellung,1
Februar,3
Fotografie,1
Notrufsäule,1
trainiert,1
Freizeitanlage,1
vereint,1
Trainingsprogramm,1
Trainingsmöglichkeit,1
verzehren,1
Sammeln,1
Suchen,1
Brombeere,1
Blaubeere,1
Heidelbeere,1
Zugverkehr,1
zerreißen,1
multifunktional,5
Baumart,2
Bauerngarten,1
Tierart,2
Zimmerleute,1
Tischler,1
kehren,1
längerfristig,1
unterstützend,1
Akku,1
Steckdose,1
überblicken,1
Projektidee,6
abschließen,1
Design,1
Käfig,1
Treppenanlage,1
Lautsprecher,2
balancieren,2
Gemüsegarten,1
Erleben,1
Informationsveranstaltung,1
Theaterstück,1
aufzeigen,1
Skulptur,6
Iglu,1
Eiszeit,1
Skat,1
Schwierigkeitsstufe,1
Fahrradtour,1
Schlauch,1
kugeln,1
kräftig,1
Stoß,1
Ball,4
anderswo,1
fremd,1
Lichtschranke,2
History,1
human,1
timen,2
Type,1
General,1
Drachen,1
nähen,2
zersetzen,1
Wurm,1
Bauhaus,1
Seil,2
Referenz,1
trostlos,1
Vorplatz,1
Lokalität,1
darbieten,1
Wirken,1
Chor,2
Autorenlesung,1
Graffito,1
Kulturhaus,1
Schauspielhaus,1
andocken,1
Rastplatz,1
Frucht,3
Eigenbedarf,1
pflücken,1
Ware,1
Australien,2
Entgelt,1
drum,2
vorbereiten,1
balanciert,1
Körper,3
entdecken,2
Muskel,1
Hilfsmittel,1
Feuerstelle,6
Festzelt,1
Gesellschaftsspiel,2
Kieselstein,2
poliert,1
Holzstück,1
okkupieren,1
Stuhl,4
Kiste,4
Pflanzung,2
Pferd,6
Stall,1
Apfel,1
Pflaume,1
Kirsche,1
Birne,1
geerntet,1
Sediment,1
letztendlich,1
Wildblume,3
Mädchen,1
mitspielen,1
Hürde,1
zuschauen,3
Loch,1
Kiosk,4
Märchen,1
erzählt,1
japanisch,2
befürworten,1
Kohle,1
Verpackung,1
unkompliziert,3
Grill,1
Säuberung,1
sonnen,2
durchlaufen,1
Fontäne,2
Wasserfläche,3
ausruhen,1
Pavillon,15
Läufer,5
gefüllt,2
Bildschirm,1
psychisch,1
abrunden,2
Boxer,1
umzäunen,1
nerven,1
Feuer,2
plaudern,1
Zusammenkunft,2
Nachbau,1
steinzeitlich,1
schattig,1
Niederlande,2
Ruhrgebiet,1
Krieg,1
wovon,1
Fernglas,1
Beobachtung,1
Gedenktafel,1
Einstellung,1
übergehen,2
zielen,1
komprimiert,2
Übung,5
Favorit,1
Schirm,1
Konzert,3
Wiesenfläche,1
vorwärts,1
Laufen,1
Kreis,4
Bielefeld,1
Aufstieg,2
Bude,1
Statue,1
Semester,1
partizipieren,1
Exkursion,1
beeindruckt,1
verlaufend,1
vortragen,1
Lesung,2
veranstaltet,3
unterteilt,1
Phantasie,1
erforschen,1
Wappen,1
global,1
Ausstrahlung,1
Podest,2
wöchentlich,3
betreuen,1
Kasten,1
Kabel,1
Scheinwerfer,1
Spielfeld,3
mini,2
Dom,1
Korb,8
Becken,1
Grillplatz,1
Naturstein,1
geschwungen,1
Schlangenlinie,1
Halbmond,1
metallen,1
Gelenk,1
Beleuchtungsanlage,1
Spielstand,1
erfassen,1
Spieler,2
Wasserrad,1
Wasserspiel,3
Mühle,1
Sense,2
mechanisch,1
Hochebene,3
Außenseite,1
Balken,1
Tauschbörse,1
untertunneln,1
erkunden,1
Pfand,2
geführt,2
Ausstellungsfläche,1
Schaufenster,1
Kolonie,1
roh,1
Tanzgruppe,1
Musikgruppe,1
Theatergruppe,1
Versammlung,1
Probe,1
Air,1
Toilettenanlage,1
aufgemalt,1
Strafraum,2
Gewächshaus,2
energieeffizient,1
Gemüsesorte,2
Ertrag,1
Vergessen,1
Landschaftsschutz,1
hinterlegen,1
Stempel,1
Wochentag,1
Aufseher,1
Reservierung,1
entfernt,1
ansehnlich,1
lohnend,1
regnen,1
philosophisch,2
Umweltproblem,1
promoviert,1
Philosoph,1
Autor,1
verantworten,1
Trickfilm,1
Herd,1
Gerüst,2
Handy,1
aufladen,2
ausgerissen,1
Durchmesser,1
Tango,1
tanzen,1
imitiert,1
Amphitheater,2
Hauswand,1
Wandbild,1
Entdeckung,1
Heilquelle,1
Galgen,1
Windmühle,1
Zerstörung,2
Liegewiese,3
Trick,1
Eisfläche,1
beflügeln,1
Steinplatte,1
Fisch,1
wetterfest,1
abenteuerlich,1
Kaktus,1
hüpfen,1
fein,1
bedecken,1
zurückgelegt,1
Laufstrecke,2
Mittelfeld,1
ausgeleuchtet,1
nachtaktiv,1
Frühling,1
formen,1
Rock,1
wellen,1
Around,1
Labyrinth,3
ähneln,2
Bürgerversammlung,1
Ziege,2
gelebt,1
verbreitet,2
Fernrohr,2
Partnerstadt,2
Monitor,1
Schlittschuh,1
anbauen,1
vorziehen,1
Rose,1
Fink,1
Papagei,1
Sittich,1
Anziehungspunkt,1
Neuling,1
Wahrnehmung,2
Wissenswerte,1
durchgehen,1
Show,1
Bootsfahrt,1
Version,1
Grasfläche,1
Mammut,3
dunkeln,1
erhellen,1
Ausgangspunkt,2
Metapher,1
Freizeitzentren,1
Stadtzentrum,1
Passant,2
Verkaufsstand,1
Stützmauer,1
Böschung,1
Berufsschule,2
Komponente,1
kühl,1
Esel,1
gemeinnützig,1
harmonieren,1
Freizeitbeschäftigung,1
schick,1
hanseatisch,1
Redner,1
Venezuela,1
Regierung,1
matt,2
Handtuch,1
Ermessen,1
Gürtel,1
vervielfachen,1
Wasserwerk,1
bescheinigen,2
kurios,2
baden,2
verschaffen,1
Baden,1
Samstag,1
bespielen,2
gegossen,1
lackieren,1
leasen,1
Angelegenheit,1
fernab,1
Wanderer,1
hinterlassen,1
erfahrungsgemäß,1
überzeugen,1
hermetisch,1
Fahrgestell,1
angetrieben,1
sponsern,1
Aufführung,1
Lager,1
umgerüstet,1
Kochen,1
verwerten,1
Verwendung,2
eingereicht,2
Projektgruppe,1
Ausdrucksform,1
lichten,1
Meilenstein,1
Ereignis,1
Kunstrasenplatz,1
Laufbahn,1
Sprintstrecke,1
schwingend,1
Seerose,3
symbolisiert,1
lebenswichtig,1
näherbringen,1
Zusammentreffen,1
nachempfunden,1
Stahlplatte,5
gebogen,2
platt,1
symbolisieren,2
dünnen,1
Blüte,5
Grundform,3
grauen,1
geknickt,3
Blütenblatt,5
Halbkugel,1
tropfen,1
ausgefüllt,1
Gang,1
Tropfen,2
fräsen,1
Bodenplatte,1
orangefarben,1
verschmelzen,1
Fußboden,1
höhenverstellbar,1
verstellbar,1
Sitzfläche,1
Abstellfläche,1
lichtdurchlässig,1
Innenraum,1
strahlen,1
berühren,1
Rohr,1
versteckt,1
unentgeltlich,1
Spielregel,1
Golf,1
Spielbahn,1
Scheibe,1
Rheinland,1
Hersteller,1
zurückholen,1
Wallanlage,1
übergehend,1
Grundidee,1
probieren,1
mischen,1
Metall,3
Identifizierung,1
Gewächs,1
Satellitenbild,1
Holzbank,1
mystisch,1
hörbar,1
Siedler,5
Werkzeug,1
befriedigen,1
Papier,1
Korrektur,1
Transportmittel,1
Verlies,1
vollendet,1
Zusammenfassung,1
Definition,1
assistieren,1
nageln,1
einschlagen,1
Grundregel,1
elementar,1
Dachkonstruktion,1
Konstruktion,1
Teilstrecke,1
Sorte,1
Schriftzug,1
Luftbild,1
tierisch,1
Geselle,1
Geschmack,1
postieren,1
sechsspurig,1
September,1
anschaffen,1
Fähigkeit,1
speichern,1
Fertigkeit,1
Kraft,1
vielseitig,1
zentralisiert,1
Vorrichtung,2
Rio,1
spektakulär,1
Verunreinigung,1
U-förmig,1
aufgeschüttet,1
Verweis,1
entgegenwirken,1
Wabe,1
Täuschung,1
daherkommen,1
marschieren,1
Heranwachsende,1
Simulation,1
Wasserstand,1
simulieren,1
Lichtspiel,1
visualisieren,1
Schwimmbecken,1
Betonblock,1
Spielzeug,1
grillen,1
beschweren,1
Blumenbeet,1
Gehölz,1
Animation,1
Gewohnheit,1
Vergütung,1
Kompetenz,1
einberechnen,1
Dienst,2
verwaltet,1
Kredit,1
zugeschrieben,2
Nachhilfestunde,1
italienisch,1
Sitzung,1
Festival,1
gegründet,1
Point,2
These,1
mutual,1
just,1
backen,1
Inhalt,1
Derby,2
reiten,1
Unterricht,1
benachteiligen,1
Renntag,1
auffallen,1
Badestelle,1
Heinrich,1
Freiherr,1
prächtig,1
Martin,1
feierlich,1
eingeweiht,1
Bombenangriff,1
Löwe,1
Freitreppe,2
zieren,2
glanzvoll,1
entdeckt,1
heilsam,1
jahrhundertelang,2
pilgern,1
Gasthof,1
Baumkrone,1
Gartenhaus,1
lustig,1
buchen,1
